[
  {
    "Nombre": "user0",
    "Id": "4b423ade-ec31-4afb-adc5-776b6c285ecf",
    "Contrasenia": "123456"
  },
  {
    "Nombre": "user1",
    "Id": "db636cb6-1189-4c0f-9fe8-08b3b682dc32",
    "Contrasenia": "123456"
  },
  {
    "Nombre": "user2",
    "Id": "6c7f4d5d-ef6f-41ac-98a5-3c22eabf7d9c",
    "Contrasenia": "123456"
  },
  {
    "Nombre": "user3",
    "Id": "cccf94b9-3536-4508-9c47-f54b55082124",
    "Contrasenia": "123456"
  },
  {
    "Nombre": "user4",
    "Id": "c6087062-5159-42ea-b6bb-e25f71f069c0",
    "Contrasenia": "123456"
  },
  {
    "Nombre": "user5",
    "Id": "9eb96b38-6c8c-408c-b8cc-76d656baa7d4",
    "Contrasenia": "123456"
  },
  {
    "Nombre": "user6",
    "Id": "d4f49a56-3e73-4aa3-b673-21d633542d97",
    "Contrasenia": "123456"
  },
  {
    "Nombre": "user7",
    "Id": "43c9994a-f0ba-4a14-9f2a-9cfacfe74f9e",
    "Contrasenia": "123456"
  },
  {
    "Nombre": "user8",
    "Id": "f54a94d4-209e-471e-a700-77e4816f064f",
    "Contrasenia": "123456"
  },
  {
    "Nombre": "user9",
    "Id": "35623331-bd24-4d61-bcb1-0d54dc80535a",
    "Contrasenia": "123456"
  },
  {
    "Nombre": "user10",
    "Id": "da8258ed-7943-4b84-8fb5-48b463d4532c",
    "Contrasenia": "123456"
  },
  {
    "Nombre": "user11",
    "Id": "941ac62f-ea5f-46cc-8528-d47adf5aebf4",
    "Contrasenia": "123456"
  },
  {
    "Nombre": "user12",
    "Id": "2e14c615-bdb9-4aa1-b014-bb54851a4d54",
    "Contrasenia": "123456"
  },
  {
    "Nombre": "user13",
    "Id": "ea313007-1b18-48bd-acc0-635ef3c1d1bb",
    "Contrasenia": "123456"
  },
  {
    "Nombre": "user14",
    "Id": "b02f2c00-77db-4e52-81a9-1cb0a8012a82",
    "Contrasenia": "123456"
  },
  {
    "Nombre": "user15",
    "Id": "3c1d9d90-68ae-4494-9ba7-3b348e67da1c",
    "Contrasenia": "123456"
  },
  {
    "Nombre": "user16",
    "Id": "91b68733-2d97-484c-95b2-7104b186c8f7",
    "Contrasenia": "123456"
  },
  {
    "Nombre": "user17",
    "Id": "2eb4975e-a75f-4d6c-a8c8-5ddc12e934f1",
    "Contrasenia": "123456"
  },
  {
    "Nombre": "user18",
    "Id": "6d6ca69f-a0e3-4a40-bc16-4fad25dd2d9a",
    "Contrasenia": "123456"
  },
  {
    "Nombre": "user19",
    "Id": "b2006717-8fa9-47be-8090-c50187633fca",
    "Contrasenia": "123456"
  },
  {
    "Nombre": "user20",
    "Id": "fff68e29-1d11-4269-a97f-0afbd5efb131",
    "Contrasenia": "123456"
  },
  {
    "Nombre": "user21",
    "Id": "3b9f1253-f609-477b-bde8-c020b69749b9",
    "Contrasenia": "123456"
  },
  {
    "Nombre": "user22",
    "Id": "82f4b9e7-ea79-445c-8255-835c42362e1e",
    "Contrasenia": "123456"
  },
  {
    "Nombre": "user23",
    "Id": "3858ff50-d974-4965-8c86-8ae357422e5d",
    "Contrasenia": "123456"
  },
  {
    "Nombre": "user24",
    "Id": "2555dc13-e69d-4543-82fb-f626713fbf21",
    "Contrasenia": "123456"
  },
  {
    "Nombre": "user25",
    "Id": "f26c54d5-e5a8-4ff4-90a7-82e4bb6a6165",
    "Contrasenia": "123456"
  },
  {
    "Nombre": "user26",
    "Id": "7e1bf77b-530b-4922-b78f-e1f7c0d0b8df",
    "Contrasenia": "123456"
  },
  {
    "Nombre": "user27",
    "Id": "5aac3e42-0b18-47cf-bdd6-2407f6ad0944",
    "Contrasenia": "123456"
  },
  {
    "Nombre": "user28",
    "Id": "39b07b33-7532-431e-a3c6-51086d05560d",
    "Contrasenia": "123456"
  },
  {
    "Nombre": "user29",
    "Id": "9badd830-05a0-4662-94af-b3deb0d56a31",
    "Contrasenia": "123456"
  },
  {
    "Nombre": "user30",
    "Id": "90283f78-2138-4c74-b66a-e2d6dca064d6",
    "Contrasenia": "123456"
  },
  {
    "Nombre": "user31",
    "Id": "e08a9b86-35d9-4e9d-bf28-08bc30614f13",
    "Contrasenia": "123456"
  },
  {
    "Nombre": "user32",
    "Id": "7d5354fb-61ec-405e-b93f-a9a30ecd423b",
    "Contrasenia": "123456"
  },
  {
    "Nombre": "user33",
    "Id": "7a8a721a-d902-4d5b-a292-d82734bc3119",
    "Contrasenia": "123456"
  },
  {
    "Nombre": "user34",
    "Id": "49671a5b-1389-40c1-8a91-b894feb850c9",
    "Contrasenia": "123456"
  },
  {
    "Nombre": "user35",
    "Id": "4d36d190-7907-4943-9ff6-93f1d8ad9a29",
    "Contrasenia": "123456"
  },
  {
    "Nombre": "user36",
    "Id": "98fc3830-0a56-4eed-9969-2bca600c6f46",
    "Contrasenia": "123456"
  },
  {
    "Nombre": "user37",
    "Id": "8ec5f149-8841-4215-8cab-86dae16a5a48",
    "Contrasenia": "123456"
  },
  {
    "Nombre": "user38",
    "Id": "9cd2f85f-aeda-4fc4-bb1d-acbaa1d9e82b",
    "Contrasenia": "123456"
  },
  {
    "Nombre": "user39",
    "Id": "53140ca2-def4-44e4-9f2f-ef7f72249423",
    "Contrasenia": "123456"
  },
  {
    "Nombre": "user40",
    "Id": "9a16e3d5-1ef5-4a3d-b73f-0af6331fec34",
    "Contrasenia": "123456"
  },
  {
    "Nombre": "user41",
    "Id": "db56d756-cf63-4811-9c56-6f5e4283fcbe",
    "Contrasenia": "123456"
  },
  {
    "Nombre": "user42",
    "Id": "ce16c150-934f-427b-b42f-8ecaa65c1aab",
    "Contrasenia": "123456"
  },
  {
    "Nombre": "user43",
    "Id": "eea306d1-4fe9-4279-a0ad-3435f5b1d602",
    "Contrasenia": "123456"
  },
  {
    "Nombre": "user44",
    "Id": "8c1605c1-3225-4998-88b5-ed4740056441",
    "Contrasenia": "123456"
  },
  {
    "Nombre": "user45",
    "Id": "08f22db0-35a3-4e0f-a79d-45a2d4c1ba6c",
    "Contrasenia": "123456"
  },
  {
    "Nombre": "user46",
    "Id": "102bcac4-63d1-4e73-b45c-fbc9c077fc51",
    "Contrasenia": "123456"
  },
  {
    "Nombre": "user47",
    "Id": "46e0bdb1-43eb-4b91-b7f7-e381d55158e0",
    "Contrasenia": "123456"
  },
  {
    "Nombre": "user48",
    "Id": "ee687e4f-3f92-42a2-96c9-0ab5535767b3",
    "Contrasenia": "123456"
  },
  {
    "Nombre": "user49",
    "Id": "fda44b8f-e303-4548-944e-9923df45cb2d",
    "Contrasenia": "123456"
  },
  {
    "Nombre": "user50",
    "Id": "62677c11-6645-4e07-ae90-1e3a03065aef",
    "Contrasenia": "123456"
  },
  {
    "Nombre": "user51",
    "Id": "a92aa54e-37f7-4aea-9b87-19f8a4a7b914",
    "Contrasenia": "123456"
  },
  {
    "Nombre": "user52",
    "Id": "4a69b38f-4007-4f73-83a0-903fd81d623d",
    "Contrasenia": "123456"
  },
  {
    "Nombre": "user53",
    "Id": "22100beb-faa4-47ae-849c-658727ed42f5",
    "Contrasenia": "123456"
  },
  {
    "Nombre": "user54",
    "Id": "f5efcd5e-670c-4150-b215-209ffa60badc",
    "Contrasenia": "123456"
  },
  {
    "Nombre": "user55",
    "Id": "b6a1b3ff-b6fc-4dfe-ac2f-5cb79a8463ea",
    "Contrasenia": "123456"
  },
  {
    "Nombre": "user56",
    "Id": "9f7daed0-0f6f-46a4-b539-d172970560c5",
    "Contrasenia": "123456"
  },
  {
    "Nombre": "user57",
    "Id": "b0ee5fba-5e1b-4f38-a505-1465e816e73d",
    "Contrasenia": "123456"
  },
  {
    "Nombre": "user58",
    "Id": "5c8f6131-b6fd-4154-b955-628507cb06de",
    "Contrasenia": "123456"
  },
  {
    "Nombre": "user59",
    "Id": "24b82205-76bd-4a47-a26b-815a63dddf29",
    "Contrasenia": "123456"
  },
  {
    "Nombre": "user60",
    "Id": "f025e300-be61-4b80-806a-a18024c7c8f1",
    "Contrasenia": "123456"
  },
  {
    "Nombre": "user61",
    "Id": "ad06d457-f189-4f0e-b3fd-2df643db0356",
    "Contrasenia": "123456"
  },
  {
    "Nombre": "user62",
    "Id": "4e94af71-76a8-4dac-99af-2568175e2580",
    "Contrasenia": "123456"
  },
  {
    "Nombre": "user63",
    "Id": "8dcaa661-e786-489b-abdb-1e615348854e",
    "Contrasenia": "123456"
  },
  {
    "Nombre": "user64",
    "Id": "8707d755-3cfc-4057-a222-b9850dbb522b",
    "Contrasenia": "123456"
  },
  {
    "Nombre": "user65",
    "Id": "04dcb2fe-9917-42da-8a41-c259d4bbc730",
    "Contrasenia": "123456"
  },
  {
    "Nombre": "user66",
    "Id": "ad68fbbc-c3f2-4a0c-9743-ed6e4744c0eb",
    "Contrasenia": "123456"
  },
  {
    "Nombre": "user67",
    "Id": "4d33564d-0469-4ab8-ad04-da72e2b70639",
    "Contrasenia": "123456"
  },
  {
    "Nombre": "user68",
    "Id": "6f6adca4-14aa-4f8a-b36e-241c9c8b378e",
    "Contrasenia": "123456"
  },
  {
    "Nombre": "user69",
    "Id": "63281807-db48-40be-b520-8bd7783c70d7",
    "Contrasenia": "123456"
  },
  {
    "Nombre": "user70",
    "Id": "8c05671c-948e-4852-9552-3047262d389a",
    "Contrasenia": "123456"
  },
  {
    "Nombre": "user71",
    "Id": "726ce7ff-fdb4-48af-a6cb-690c4ed35095",
    "Contrasenia": "123456"
  },
  {
    "Nombre": "user72",
    "Id": "dee69949-5acb-4d6b-b497-81a7e149a084",
    "Contrasenia": "123456"
  },
  {
    "Nombre": "user73",
    "Id": "a51fd340-cad5-4f2a-9c06-fe6948d9658b",
    "Contrasenia": "123456"
  },
  {
    "Nombre": "user74",
    "Id": "77e04134-bb4c-425a-83db-2ee38051bc6c",
    "Contrasenia": "123456"
  },
  {
    "Nombre": "user75",
    "Id": "37c9de7d-114a-4dfa-b517-cfbc49ba274c",
    "Contrasenia": "123456"
  },
  {
    "Nombre": "user76",
    "Id": "25052c11-6ab1-43d9-a743-70ca942983b5",
    "Contrasenia": "123456"
  },
  {
    "Nombre": "user77",
    "Id": "088fe36a-baea-4737-9b01-7f07d21b9e57",
    "Contrasenia": "123456"
  },
  {
    "Nombre": "user78",
    "Id": "0127e6de-0af4-496d-ad08-53374a1987d1",
    "Contrasenia": "123456"
  },
  {
    "Nombre": "user79",
    "Id": "af51c0b6-e406-4c9b-bd76-8d1e9bd1c03d",
    "Contrasenia": "123456"
  },
  {
    "Nombre": "user80",
    "Id": "010cde7f-437e-4b71-8f43-dd82b1127b0f",
    "Contrasenia": "123456"
  },
  {
    "Nombre": "user81",
    "Id": "7ad85b53-386b-4249-b0d0-c850d5710318",
    "Contrasenia": "123456"
  },
  {
    "Nombre": "user82",
    "Id": "7ff00b8f-93a7-4de9-aca2-2416aeb0138a",
    "Contrasenia": "123456"
  },
  {
    "Nombre": "user83",
    "Id": "da8ce216-7cad-4cac-83ab-3e6f7969ddd9",
    "Contrasenia": "123456"
  },
  {
    "Nombre": "user84",
    "Id": "4d163f57-fba8-4b63-9865-bf489fa33fec",
    "Contrasenia": "123456"
  },
  {
    "Nombre": "user85",
    "Id": "bfeefb58-6972-4adc-a0c6-ede29baa89c2",
    "Contrasenia": "123456"
  },
  {
    "Nombre": "user86",
    "Id": "81e7f488-2fb9-411e-9d1a-ca3a2bf9ec37",
    "Contrasenia": "123456"
  },
  {
    "Nombre": "user87",
    "Id": "08a0488e-498d-4f5c-af76-d23cc29de3af",
    "Contrasenia": "123456"
  },
  {
    "Nombre": "user88",
    "Id": "3f4d8cec-7460-4f1b-bc2e-8adf7d175e4c",
    "Contrasenia": "123456"
  },
  {
    "Nombre": "user89",
    "Id": "476a6328-41e3-43a2-b8c1-3b7b28b80e46",
    "Contrasenia": "123456"
  },
  {
    "Nombre": "user90",
    "Id": "e051c0f5-0072-461b-a672-b617b09c6aad",
    "Contrasenia": "123456"
  },
  {
    "Nombre": "user91",
    "Id": "be75f7ee-ce08-47fc-9e4f-dd67776ec6ee",
    "Contrasenia": "123456"
  },
  {
    "Nombre": "user92",
    "Id": "1bb6367e-eef6-4505-b5a6-d23a57cd5812",
    "Contrasenia": "123456"
  },
  {
    "Nombre": "user93",
    "Id": "50b40243-f1e6-4901-9257-400a0d0f3922",
    "Contrasenia": "123456"
  },
  {
    "Nombre": "user94",
    "Id": "8779d270-0273-40d5-b908-4a5af3142dcb",
    "Contrasenia": "123456"
  },
  {
    "Nombre": "user95",
    "Id": "c6912f06-7052-40ab-b5ef-5cd203df76ac",
    "Contrasenia": "123456"
  },
  {
    "Nombre": "user96",
    "Id": "0af752ab-7817-493b-83c7-702b95c00682",
    "Contrasenia": "123456"
  },
  {
    "Nombre": "user97",
    "Id": "c734e4b3-20f5-48a1-97fb-3e1394e10c3c",
    "Contrasenia": "123456"
  },
  {
    "Nombre": "user98",
    "Id": "c9ad1e54-d6fb-4e7b-9a59-57f51596f312",
    "Contrasenia": "123456"
  },
  {
    "Nombre": "user99",
    "Id": "14f096aa-ca9b-4aea-a238-99c5fd561e5c",
    "Contrasenia": "123456"
  },
  {
    "Nombre": "user100",
    "Id": "ea8788f8-9986-4741-a4c8-4bffb1d3d4b5",
    "Contrasenia": "123456"
  },
  {
    "Nombre": "user101",
    "Id": "420592f8-f5e5-4475-95f3-ec2d6ca2976f",
    "Contrasenia": "123456"
  },
  {
    "Nombre": "user102",
    "Id": "e79c9b51-ef40-4d6f-be80-c800a93a5c50",
    "Contrasenia": "123456"
  },
  {
    "Nombre": "user103",
    "Id": "ff4c77b8-2d4b-4254-982a-87281a6a12c4",
    "Contrasenia": "123456"
  },
  {
    "Nombre": "user104",
    "Id": "9f24ace1-19f5-4f7f-8c1e-26067352323e",
    "Contrasenia": "123456"
  },
  {
    "Nombre": "user105",
    "Id": "57807ebd-5bfe-461c-a633-7640807bec1b",
    "Contrasenia": "123456"
  },
  {
    "Nombre": "user106",
    "Id": "b15550b1-c7d1-4b0a-a565-ed50c88a225b",
    "Contrasenia": "123456"
  },
  {
    "Nombre": "user107",
    "Id": "08cba31f-3285-47a9-94d2-0e98f23dee5d",
    "Contrasenia": "123456"
  },
  {
    "Nombre": "user108",
    "Id": "86e44473-65c6-4429-abea-2d24de9befcb",
    "Contrasenia": "123456"
  },
  {
    "Nombre": "user109",
    "Id": "fadcdfc5-d8a9-4eb6-b202-bac75c8d0066",
    "Contrasenia": "123456"
  },
  {
    "Nombre": "user110",
    "Id": "c4ab9abf-fee4-4ae6-9eb8-c62f6d4b9621",
    "Contrasenia": "123456"
  },
  {
    "Nombre": "user111",
    "Id": "a90bad5f-d6ee-4a96-9cc3-ee77b819ec29",
    "Contrasenia": "123456"
  },
  {
    "Nombre": "user112",
    "Id": "9c6d8501-5f59-4729-bd08-69b6aa9fe30d",
    "Contrasenia": "123456"
  },
  {
    "Nombre": "user113",
    "Id": "85fa02f5-18f5-441d-8711-74b4a441a671",
    "Contrasenia": "123456"
  },
  {
    "Nombre": "user114",
    "Id": "4b7595aa-1870-4323-9c4f-627ac7038742",
    "Contrasenia": "123456"
  },
  {
    "Nombre": "user115",
    "Id": "315c31d9-8d46-4c56-9812-6925a5d27b08",
    "Contrasenia": "123456"
  },
  {
    "Nombre": "user116",
    "Id": "e541128c-a3b4-4ecf-836a-66cbbecf3ae0",
    "Contrasenia": "123456"
  },
  {
    "Nombre": "user117",
    "Id": "9ee668ca-5312-4d10-aec3-957db40d3978",
    "Contrasenia": "123456"
  },
  {
    "Nombre": "user118",
    "Id": "98ef7b9a-10eb-489e-9c40-51c9499e5436",
    "Contrasenia": "123456"
  },
  {
    "Nombre": "user119",
    "Id": "3dc02239-9070-4674-b347-886c02e34ab6",
    "Contrasenia": "123456"
  },
  {
    "Nombre": "user120",
    "Id": "f59edd6b-d8bf-4088-a8d4-99b93121f8c4",
    "Contrasenia": "123456"
  },
  {
    "Nombre": "user121",
    "Id": "5fd1ed06-e1d3-480f-9246-c12da977ed96",
    "Contrasenia": "123456"
  },
  {
    "Nombre": "user122",
    "Id": "a105d3a9-7ce8-4356-ae4a-68c94393cf31",
    "Contrasenia": "123456"
  },
  {
    "Nombre": "user123",
    "Id": "8888d234-2961-4272-817a-511cc58bd179",
    "Contrasenia": "123456"
  },
  {
    "Nombre": "user124",
    "Id": "f2bb20cb-eb29-4d9f-b882-76f96e3a9576",
    "Contrasenia": "123456"
  },
  {
    "Nombre": "user125",
    "Id": "f900f54a-8fdd-41c7-aef0-986b579546e2",
    "Contrasenia": "123456"
  },
  {
    "Nombre": "user126",
    "Id": "7ed65480-be11-4d06-a60d-53f2484dc44a",
    "Contrasenia": "123456"
  },
  {
    "Nombre": "user127",
    "Id": "1d9561c0-6e62-4669-a33a-7d20cd9eef68",
    "Contrasenia": "123456"
  },
  {
    "Nombre": "user128",
    "Id": "c2f471aa-b3e2-4dc5-9cdc-c266bd6a2dc0",
    "Contrasenia": "123456"
  },
  {
    "Nombre": "user129",
    "Id": "b484155e-821a-468c-999a-51365079ae15",
    "Contrasenia": "123456"
  },
  {
    "Nombre": "user130",
    "Id": "484a9fe8-f15d-4750-80cc-2e2dc76a979b",
    "Contrasenia": "123456"
  },
  {
    "Nombre": "user131",
    "Id": "6dec9d2a-c2ca-497a-9491-329a0bbf2e06",
    "Contrasenia": "123456"
  },
  {
    "Nombre": "user132",
    "Id": "3a961941-a955-441c-aaa4-fb435d17dc5a",
    "Contrasenia": "123456"
  },
  {
    "Nombre": "user133",
    "Id": "226909d3-d12c-412f-9e61-6e1afb191ee8",
    "Contrasenia": "123456"
  },
  {
    "Nombre": "user134",
    "Id": "d4a7be84-91d0-4fce-bad9-e405b16deff2",
    "Contrasenia": "123456"
  },
  {
    "Nombre": "user135",
    "Id": "54ff7d55-2a3e-481e-a367-3a3338082e90",
    "Contrasenia": "123456"
  },
  {
    "Nombre": "user136",
    "Id": "5f0d4653-b86f-4923-887b-ea52cc85c156",
    "Contrasenia": "123456"
  },
  {
    "Nombre": "user137",
    "Id": "b0d5a094-1557-41af-a110-9f33afd76a01",
    "Contrasenia": "123456"
  },
  {
    "Nombre": "user138",
    "Id": "5f76e363-4a78-4fa1-b6ea-f560aba6bc0e",
    "Contrasenia": "123456"
  },
  {
    "Nombre": "user139",
    "Id": "ccfd36c1-ba53-4b2d-b62f-afdeeeaa5136",
    "Contrasenia": "123456"
  },
  {
    "Nombre": "user140",
    "Id": "fff87bb9-f5d9-4538-ace5-8f48b10266e1",
    "Contrasenia": "123456"
  },
  {
    "Nombre": "user141",
    "Id": "f1beac83-f13c-440c-bcbb-89c5e4e6d756",
    "Contrasenia": "123456"
  },
  {
    "Nombre": "user142",
    "Id": "96fe5229-04e9-43e5-ae7b-8715dc7d50bc",
    "Contrasenia": "123456"
  },
  {
    "Nombre": "user143",
    "Id": "d7d3bba9-310a-403a-a4c8-2564194b949d",
    "Contrasenia": "123456"
  },
  {
    "Nombre": "user144",
    "Id": "4a9d8791-dc33-4565-8e0c-1e08730f27ea",
    "Contrasenia": "123456"
  },
  {
    "Nombre": "user145",
    "Id": "bb4fcab0-d9e6-4b98-ba92-746fb048ed7f",
    "Contrasenia": "123456"
  },
  {
    "Nombre": "user146",
    "Id": "e084911f-78e2-4b68-9778-7b6ea4904bd0",
    "Contrasenia": "123456"
  },
  {
    "Nombre": "user147",
    "Id": "110f7efb-a977-4f6f-a227-ebf6fd99899d",
    "Contrasenia": "123456"
  },
  {
    "Nombre": "user148",
    "Id": "e5277495-f9eb-40f9-8228-06170740fb05",
    "Contrasenia": "123456"
  },
  {
    "Nombre": "user149",
    "Id": "c1ccdab4-66e7-4326-a9d4-577628c7a737",
    "Contrasenia": "123456"
  },
  {
    "Nombre": "user150",
    "Id": "4feea09a-f535-42d0-96ea-df25e37a6c52",
    "Contrasenia": "123456"
  },
  {
    "Nombre": "user151",
    "Id": "eabe3663-1f12-446d-a67e-c18c79eae8f7",
    "Contrasenia": "123456"
  },
  {
    "Nombre": "user152",
    "Id": "54aaa615-7d5a-421c-af69-4c53508e704b",
    "Contrasenia": "123456"
  },
  {
    "Nombre": "user153",
    "Id": "810233ed-9449-41ef-a730-892c694b76b0",
    "Contrasenia": "123456"
  },
  {
    "Nombre": "user154",
    "Id": "82e1e182-0970-49e1-a287-fed7edfc63d3",
    "Contrasenia": "123456"
  },
  {
    "Nombre": "user155",
    "Id": "b5f307b5-23df-4e80-8397-a128036656c0",
    "Contrasenia": "123456"
  },
  {
    "Nombre": "user156",
    "Id": "405f3309-9f8f-40fe-95d4-964ba743d769",
    "Contrasenia": "123456"
  },
  {
    "Nombre": "user157",
    "Id": "eabd99aa-caf6-4db3-8071-7290765af200",
    "Contrasenia": "123456"
  },
  {
    "Nombre": "user158",
    "Id": "838e179c-5d51-4516-ab4f-a60c9a53406c",
    "Contrasenia": "123456"
  },
  {
    "Nombre": "user159",
    "Id": "561e649a-ecf1-4c63-beda-53402ee29a7c",
    "Contrasenia": "123456"
  },
  {
    "Nombre": "user160",
    "Id": "42a2f4b9-e6f8-4c53-ab88-c65e615db467",
    "Contrasenia": "123456"
  },
  {
    "Nombre": "user161",
    "Id": "f60d7531-4b82-4b69-bc30-97d9f9ad8ade",
    "Contrasenia": "123456"
  },
  {
    "Nombre": "user162",
    "Id": "2872938e-e948-467c-9caf-53635f80c74e",
    "Contrasenia": "123456"
  },
  {
    "Nombre": "user163",
    "Id": "f433276e-e4c4-467a-82a0-1aa892e0e5f1",
    "Contrasenia": "123456"
  },
  {
    "Nombre": "user164",
    "Id": "dcf64b72-4b32-49c3-9403-78d279be207f",
    "Contrasenia": "123456"
  },
  {
    "Nombre": "user165",
    "Id": "24fdecba-5161-44d2-b3cf-3672d3eb73b5",
    "Contrasenia": "123456"
  },
  {
    "Nombre": "user166",
    "Id": "99e05192-7d29-4941-bf15-34fa08a11423",
    "Contrasenia": "123456"
  },
  {
    "Nombre": "user167",
    "Id": "67a54e28-7ca8-4f85-9c47-e064ef1f438c",
    "Contrasenia": "123456"
  },
  {
    "Nombre": "user168",
    "Id": "4c52c95c-d527-443c-aa44-be44d8acef4b",
    "Contrasenia": "123456"
  },
  {
    "Nombre": "user169",
    "Id": "f0ca7a06-e332-4eef-8668-da22b3063efd",
    "Contrasenia": "123456"
  },
  {
    "Nombre": "user170",
    "Id": "a6697bbb-479b-40f3-9b43-0e497371c1f7",
    "Contrasenia": "123456"
  },
  {
    "Nombre": "user171",
    "Id": "89cf685e-05bb-4363-a9a2-485d4fa4d71c",
    "Contrasenia": "123456"
  },
  {
    "Nombre": "user172",
    "Id": "925755d3-5d8e-4384-ae30-56014e21fd10",
    "Contrasenia": "123456"
  },
  {
    "Nombre": "user173",
    "Id": "f2d4224c-e74b-49d7-a444-7f2da30ecfc7",
    "Contrasenia": "123456"
  },
  {
    "Nombre": "user174",
    "Id": "c355fdc7-e2a8-4c63-a527-ded9536b5e8b",
    "Contrasenia": "123456"
  },
  {
    "Nombre": "user175",
    "Id": "2d89d0b9-d524-40b0-afcd-58d0c06bc4f1",
    "Contrasenia": "123456"
  },
  {
    "Nombre": "user176",
    "Id": "49668569-02cb-4fff-b683-0571020e131d",
    "Contrasenia": "123456"
  },
  {
    "Nombre": "user177",
    "Id": "baf67e19-1027-4b51-b904-ce75d96e3394",
    "Contrasenia": "123456"
  },
  {
    "Nombre": "user178",
    "Id": "4b1d5589-c94f-41f8-9a3a-33a873a38633",
    "Contrasenia": "123456"
  },
  {
    "Nombre": "user179",
    "Id": "460605c0-a7e4-4cb8-a0da-4d024217a5a3",
    "Contrasenia": "123456"
  },
  {
    "Nombre": "user180",
    "Id": "22ba793b-b63f-43d4-8cf7-c3c78a645997",
    "Contrasenia": "123456"
  },
  {
    "Nombre": "user181",
    "Id": "f2e8b493-4f66-46c2-8cf6-a2ba052ca920",
    "Contrasenia": "123456"
  },
  {
    "Nombre": "user182",
    "Id": "038800b6-54c7-45d5-afe5-c7a6d985a2b4",
    "Contrasenia": "123456"
  },
  {
    "Nombre": "user183",
    "Id": "14d2d2ff-940d-487b-b141-3cb0bbb7a356",
    "Contrasenia": "123456"
  },
  {
    "Nombre": "user184",
    "Id": "da098f7b-d92e-4e70-a994-b3d302530a5f",
    "Contrasenia": "123456"
  },
  {
    "Nombre": "user185",
    "Id": "e5c4b95f-c255-4bd2-8766-92601fe1ec00",
    "Contrasenia": "123456"
  },
  {
    "Nombre": "user186",
    "Id": "c2c7b94d-08a9-4ae9-9deb-34bcd07affe5",
    "Contrasenia": "123456"
  },
  {
    "Nombre": "user187",
    "Id": "f62b1189-2ac7-44f2-834f-f193ca656435",
    "Contrasenia": "123456"
  },
  {
    "Nombre": "user188",
    "Id": "00bf94fc-4bf4-4990-96ed-4e0fc59bfc94",
    "Contrasenia": "123456"
  },
  {
    "Nombre": "user189",
    "Id": "0736a303-5afb-4eb7-8e27-23b1dbc3da64",
    "Contrasenia": "123456"
  },
  {
    "Nombre": "user190",
    "Id": "fdd263cc-3cc9-4c78-ac59-e96558c3f1b1",
    "Contrasenia": "123456"
  },
  {
    "Nombre": "user191",
    "Id": "05005f05-f772-41d3-9369-7a90e4e9db85",
    "Contrasenia": "123456"
  },
  {
    "Nombre": "user192",
    "Id": "9573ec82-ca7e-47d1-adec-fb2cc9a7f832",
    "Contrasenia": "123456"
  },
  {
    "Nombre": "user193",
    "Id": "c0959c60-e4d4-4789-886e-55a6390d457e",
    "Contrasenia": "123456"
  },
  {
    "Nombre": "user194",
    "Id": "c2c691c0-a3c8-4b19-b9a5-f50fa198e94b",
    "Contrasenia": "123456"
  },
  {
    "Nombre": "user195",
    "Id": "36dcb5bb-e93e-4512-9245-029f5c4532db",
    "Contrasenia": "123456"
  },
  {
    "Nombre": "user196",
    "Id": "498caa02-e603-4a13-b276-6b9c38d99e42",
    "Contrasenia": "123456"
  },
  {
    "Nombre": "user197",
    "Id": "21155835-e7ee-4928-a5c8-d1ef489ddd85",
    "Contrasenia": "123456"
  },
  {
    "Nombre": "user198",
    "Id": "76bfde7d-a276-47fc-be1e-e149afec9e7a",
    "Contrasenia": "123456"
  },
  {
    "Nombre": "user199",
    "Id": "ff813478-5738-4d96-b305-8d7394bf4405",
    "Contrasenia": "123456"
  }
]
