[
  {
    "CalificationID": "f79a6bb5-e434-47fd-a31f-b89113fbda73",
    "PasageroID": "db636cb6-1189-4c0f-9fe8-08b3b682dc32",
    "TripID": "52626ebd-8c51-4db6-8b1c-da4a41bcd066",
    "Calificacion": 5.58,
    "Comentario": "comment0"
  },
  {
    "CalificationID": "bbca1c9c-619c-4292-bee0-7cd9f15ca4b1",
    "PasageroID": "cccf94b9-3536-4508-9c47-f54b55082124",
    "TripID": "d54f9c84-6c71-470b-a500-2330e5b9db40",
    "Calificacion": 3.09,
    "Comentario": "comment1"
  },
  {
    "CalificationID": "1a7f3f1d-127a-4c54-ab5d-58e6cb627122",
    "PasageroID": "cccf94b9-3536-4508-9c47-f54b55082124",
    "TripID": "48d404e2-828e-43b1-914c-7ebd90998395",
    "Calificacion": 4.01,
    "Comentario": "comment2"
  },
  {
    "CalificationID": "d7dd7c2e-9f39-4a31-9e45-7e0358cf7f24",
    "PasageroID": "cccf94b9-3536-4508-9c47-f54b55082124",
    "TripID": "bd962826-146a-4ba5-a024-cfb0deb4cc40",
    "Calificacion": 2.52,
    "Comentario": "comment3"
  },
  {
    "CalificationID": "653ab176-1547-4b80-8bd8-2f7ac738c481",
    "PasageroID": "c6087062-5159-42ea-b6bb-e25f71f069c0",
    "TripID": "7d7d0b24-4036-4e76-80f9-9cfed2cf9793",
    "Calificacion": 4.18,
    "Comentario": "comment4"
  },
  {
    "CalificationID": "c20bf8c8-626c-4bdf-bfb2-9f7a7e66758f",
    "PasageroID": "c6087062-5159-42ea-b6bb-e25f71f069c0",
    "TripID": "e81c85ad-b132-4fac-b6f3-4d7e86c5b732",
    "Calificacion": 2.87,
    "Comentario": "comment5"
  },
  {
    "CalificationID": "8caf0f98-e80d-4804-bfe3-44edd30739c7",
    "PasageroID": "d4f49a56-3e73-4aa3-b673-21d633542d97",
    "TripID": "500bb3f8-3f0b-46c2-98da-7fb9054da3b0",
    "Calificacion": 2.26,
    "Comentario": "comment6"
  },
  {
    "CalificationID": "0bedd7b8-9ac0-41bb-9d2f-63211e99f205",
    "PasageroID": "d4f49a56-3e73-4aa3-b673-21d633542d97",
    "TripID": "2d618d3c-d266-476a-bc9d-dae5454d39de",
    "Calificacion": 5.86,
    "Comentario": "comment7"
  },
  {
    "CalificationID": "4d850c2a-70de-45e4-8385-e05e0da2167d",
    "PasageroID": "43c9994a-f0ba-4a14-9f2a-9cfacfe74f9e",
    "TripID": "0006173e-7c95-4d4a-a750-6ab13dace018",
    "Calificacion": 2.33,
    "Comentario": "comment8"
  },
  {
    "CalificationID": "660e48ab-1404-4a91-9da8-7a4dee26f742",
    "PasageroID": "43c9994a-f0ba-4a14-9f2a-9cfacfe74f9e",
    "TripID": "c3d3378d-13ef-4b6f-b3ac-691f415d6583",
    "Calificacion": 3.06,
    "Comentario": "comment9"
  },
  {
    "CalificationID": "94d1045a-3ca0-4898-8d3c-b5a31f216902",
    "PasageroID": "43c9994a-f0ba-4a14-9f2a-9cfacfe74f9e",
    "TripID": "db89bb71-15d7-42b5-a6f1-09427410a2dc",
    "Calificacion": 3.43,
    "Comentario": "comment10"
  },
  {
    "CalificationID": "9e47c190-f9a0-4d5e-8521-a80c6433ba5d",
    "PasageroID": "35623331-bd24-4d61-bcb1-0d54dc80535a",
    "TripID": "e85057bf-b31b-4037-ae47-f2c6f01087b7",
    "Calificacion": 2.25,
    "Comentario": "comment11"
  },
  {
    "CalificationID": "75c661a0-dd93-4094-b601-cf2c2a08b679",
    "PasageroID": "da8258ed-7943-4b84-8fb5-48b463d4532c",
    "TripID": "277a00ad-af4e-444b-94d7-1a29480634a0",
    "Calificacion": 5.92,
    "Comentario": "comment12"
  },
  {
    "CalificationID": "9ab1aab3-d4a0-475b-a772-073ea33414b9",
    "PasageroID": "2e14c615-bdb9-4aa1-b014-bb54851a4d54",
    "TripID": "57177564-ee14-4308-8f7f-9db146d66c0e",
    "Calificacion": 2.52,
    "Comentario": "comment13"
  },
  {
    "CalificationID": "86f54d5e-c65c-4c45-9c18-93853cd8ebb4",
    "PasageroID": "2e14c615-bdb9-4aa1-b014-bb54851a4d54",
    "TripID": "3b29db2f-5bdc-4e77-9af3-c3c3e91e9f9e",
    "Calificacion": 4.07,
    "Comentario": "comment14"
  },
  {
    "CalificationID": "41ffbe73-f52a-49e2-b15f-821078e5da9e",
    "PasageroID": "2e14c615-bdb9-4aa1-b014-bb54851a4d54",
    "TripID": "b1a04fb1-d8eb-454b-903a-fb7f4615a8ae",
    "Calificacion": 5.85,
    "Comentario": "comment15"
  },
  {
    "CalificationID": "1cac5f30-1cb5-4720-b680-97b619d82aac",
    "PasageroID": "2e14c615-bdb9-4aa1-b014-bb54851a4d54",
    "TripID": "64716664-e3a4-44d8-8c31-73809d2bf376",
    "Calificacion": 5.22,
    "Comentario": "comment16"
  },
  {
    "CalificationID": "c8d30b54-d1bf-4b06-8ead-72fd03907104",
    "PasageroID": "2e14c615-bdb9-4aa1-b014-bb54851a4d54",
    "TripID": "3174573b-78e0-4ec6-8b4a-686106e361dc",
    "Calificacion": 3.83,
    "Comentario": "comment17"
  },
  {
    "CalificationID": "f1b5b46a-3ca8-4d24-bb16-1a762ee48e0f",
    "PasageroID": "ea313007-1b18-48bd-acc0-635ef3c1d1bb",
    "TripID": "981440f8-bb91-44b6-bf1f-c94fa110cca8",
    "Calificacion": 2.87,
    "Comentario": "comment18"
  },
  {
    "CalificationID": "208bab58-db0b-4364-bcb0-7c3ca3c5da8e",
    "PasageroID": "b02f2c00-77db-4e52-81a9-1cb0a8012a82",
    "TripID": "31be68f3-17b8-43c8-a2fb-7a5ac50d3c16",
    "Calificacion": 2.29,
    "Comentario": "comment19"
  },
  {
    "CalificationID": "f00c3f95-8166-43e0-a9cb-fcf908206c43",
    "PasageroID": "3c1d9d90-68ae-4494-9ba7-3b348e67da1c",
    "TripID": "256e49ae-efa4-4115-abde-6ff7f052d175",
    "Calificacion": 3.04,
    "Comentario": "comment20"
  },
  {
    "CalificationID": "558426f8-d2b2-47eb-81eb-2560a01fc5b5",
    "PasageroID": "91b68733-2d97-484c-95b2-7104b186c8f7",
    "TripID": "48d404e2-828e-43b1-914c-7ebd90998395",
    "Calificacion": 5.42,
    "Comentario": "comment21"
  },
  {
    "CalificationID": "4f8a8014-6316-48f3-bbab-319d9b49d295",
    "PasageroID": "2eb4975e-a75f-4d6c-a8c8-5ddc12e934f1",
    "TripID": "27a31ba0-2d67-4a4a-b58d-a8bf58364c03",
    "Calificacion": 4.81,
    "Comentario": "comment22"
  },
  {
    "CalificationID": "f0a62ff2-646a-404f-8f35-4befe4f86482",
    "PasageroID": "2eb4975e-a75f-4d6c-a8c8-5ddc12e934f1",
    "TripID": "210804f7-551f-4479-ba4e-c8f178adb99c",
    "Calificacion": 2.64,
    "Comentario": "comment23"
  },
  {
    "CalificationID": "ba165048-6329-445f-8890-96a57e6e3427",
    "PasageroID": "6d6ca69f-a0e3-4a40-bc16-4fad25dd2d9a",
    "TripID": "6ba85040-0cd8-49bb-b1ff-13e8c0cefbfd",
    "Calificacion": 2.76,
    "Comentario": "comment24"
  },
  {
    "CalificationID": "dcf07829-c4c0-4524-aa0a-aea40dc34e13",
    "PasageroID": "6d6ca69f-a0e3-4a40-bc16-4fad25dd2d9a",
    "TripID": "508b8c07-75c6-4158-b528-29e165cbc779",
    "Calificacion": 2.21,
    "Comentario": "comment25"
  },
  {
    "CalificationID": "7e5d0ccb-4a83-404e-ae1e-8743efc490a7",
    "PasageroID": "b2006717-8fa9-47be-8090-c50187633fca",
    "TripID": "39b32bcd-558e-4f14-9440-6a749e689452",
    "Calificacion": 3.39,
    "Comentario": "comment26"
  },
  {
    "CalificationID": "ace0e422-d52e-48ee-9648-ec4fd54c458a",
    "PasageroID": "3b9f1253-f609-477b-bde8-c020b69749b9",
    "TripID": "e7b48b4d-e725-48d3-b8c4-47006d279d58",
    "Calificacion": 3.01,
    "Comentario": "comment27"
  },
  {
    "CalificationID": "918e6d2a-0516-464a-acf7-6695c741e34b",
    "PasageroID": "82f4b9e7-ea79-445c-8255-835c42362e1e",
    "TripID": "d32223dc-297d-41c8-8245-3373ffe180a4",
    "Calificacion": 3.96,
    "Comentario": "comment28"
  },
  {
    "CalificationID": "3fa44b1a-229f-4992-a4bb-4d32eb158461",
    "PasageroID": "82f4b9e7-ea79-445c-8255-835c42362e1e",
    "TripID": "0e063c50-8186-4967-ad0e-3a1d731284a5",
    "Calificacion": 4.57,
    "Comentario": "comment29"
  },
  {
    "CalificationID": "1c1b5172-06ba-4eae-9230-286afcf2438b",
    "PasageroID": "82f4b9e7-ea79-445c-8255-835c42362e1e",
    "TripID": "a1565ce9-18a8-410c-a720-c6de7a021cba",
    "Calificacion": 4.96,
    "Comentario": "comment30"
  },
  {
    "CalificationID": "37ed5773-6107-4ac3-8ecb-7aaee1df7966",
    "PasageroID": "3858ff50-d974-4965-8c86-8ae357422e5d",
    "TripID": "144f5c9c-229b-454f-aa37-6725ac3d9c82",
    "Calificacion": 4.13,
    "Comentario": "comment31"
  },
  {
    "CalificationID": "0ef7c2be-b31c-4921-afc2-5eeb8e15023a",
    "PasageroID": "2555dc13-e69d-4543-82fb-f626713fbf21",
    "TripID": "3bec0c54-dd4c-40fe-8aea-b8ea7bd7d563",
    "Calificacion": 4.49,
    "Comentario": "comment32"
  },
  {
    "CalificationID": "5947eb0a-b13f-4c09-83c8-8417681eae41",
    "PasageroID": "2555dc13-e69d-4543-82fb-f626713fbf21",
    "TripID": "8c400685-c491-4ef5-95ea-8e40d4414d31",
    "Calificacion": 3.36,
    "Comentario": "comment33"
  },
  {
    "CalificationID": "47eeb0e7-d267-44c0-9430-f9fb3812d152",
    "PasageroID": "2555dc13-e69d-4543-82fb-f626713fbf21",
    "TripID": "6b34bd3f-42a1-484e-b8da-8738214a016e",
    "Calificacion": 2.22,
    "Comentario": "comment34"
  },
  {
    "CalificationID": "32479a26-2894-47e3-a32b-09f959ffde3f",
    "PasageroID": "2555dc13-e69d-4543-82fb-f626713fbf21",
    "TripID": "174546aa-a926-420f-ba04-81df06405dca",
    "Calificacion": 4.66,
    "Comentario": "comment35"
  },
  {
    "CalificationID": "85de9b95-bfda-4a88-8fe7-186796eb3427",
    "PasageroID": "2555dc13-e69d-4543-82fb-f626713fbf21",
    "TripID": "2d618d3c-d266-476a-bc9d-dae5454d39de",
    "Calificacion": 5.41,
    "Comentario": "comment36"
  },
  {
    "CalificationID": "97aecef5-bc7f-4c18-ad38-47dcb661eb8a",
    "PasageroID": "2555dc13-e69d-4543-82fb-f626713fbf21",
    "TripID": "ef909bf9-8ff4-4439-8317-205f9603f471",
    "Calificacion": 4.66,
    "Comentario": "comment37"
  },
  {
    "CalificationID": "31a6f5e7-c2ff-473b-a395-372f9a2d01fa",
    "PasageroID": "f26c54d5-e5a8-4ff4-90a7-82e4bb6a6165",
    "TripID": "ccc848b0-4a06-4ac9-8439-e7f89b0a2a55",
    "Calificacion": 3.53,
    "Comentario": "comment38"
  },
  {
    "CalificationID": "2a769873-7499-43ee-a9bc-114bc0981fee",
    "PasageroID": "f26c54d5-e5a8-4ff4-90a7-82e4bb6a6165",
    "TripID": "1ce06d71-63d2-4bb1-b13c-b88f2e8a290c",
    "Calificacion": 5.16,
    "Comentario": "comment39"
  },
  {
    "CalificationID": "a40132de-c0c0-468e-b3f5-39580b36f579",
    "PasageroID": "f26c54d5-e5a8-4ff4-90a7-82e4bb6a6165",
    "TripID": "86c93faf-39c2-4ce3-b0ff-d83b25a21ab3",
    "Calificacion": 4.1,
    "Comentario": "comment40"
  },
  {
    "CalificationID": "34d3d0e1-7507-46d9-b2ba-231f88472148",
    "PasageroID": "7e1bf77b-530b-4922-b78f-e1f7c0d0b8df",
    "TripID": "a1703d81-2d46-49d8-8c06-1cc741120684",
    "Calificacion": 3.59,
    "Comentario": "comment41"
  },
  {
    "CalificationID": "8784a37d-8cf9-43ca-9f31-d881be0f00a4",
    "PasageroID": "7e1bf77b-530b-4922-b78f-e1f7c0d0b8df",
    "TripID": "2f2b60ff-a855-4bc1-9da7-a42de081e80d",
    "Calificacion": 5.65,
    "Comentario": "comment42"
  },
  {
    "CalificationID": "b0ea24b1-ed94-4406-9468-22b08f0fe49b",
    "PasageroID": "7e1bf77b-530b-4922-b78f-e1f7c0d0b8df",
    "TripID": "e7f44e1f-5abe-468e-8877-bbc0c4fec8ce",
    "Calificacion": 3.1,
    "Comentario": "comment43"
  },
  {
    "CalificationID": "1699f1cb-26e7-4d74-aebb-83a542c83af1",
    "PasageroID": "5aac3e42-0b18-47cf-bdd6-2407f6ad0944",
    "TripID": "e8a2538d-c348-4338-932e-ce91574d8301",
    "Calificacion": 4.16,
    "Comentario": "comment44"
  },
  {
    "CalificationID": "9978d2e5-9ae6-4bb5-a69d-1d38a6164646",
    "PasageroID": "5aac3e42-0b18-47cf-bdd6-2407f6ad0944",
    "TripID": "e77e65e4-96b2-4ca3-909a-0b540104cdfb",
    "Calificacion": 2.39,
    "Comentario": "comment45"
  },
  {
    "CalificationID": "58eb8c0c-609f-42c1-a760-e2f1ba35265c",
    "PasageroID": "5aac3e42-0b18-47cf-bdd6-2407f6ad0944",
    "TripID": "197ef316-a646-447c-a1d2-5995aa8af185",
    "Calificacion": 2.55,
    "Comentario": "comment46"
  },
  {
    "CalificationID": "d10a17fa-ac58-435f-8d93-4d8bbdd8283c",
    "PasageroID": "39b07b33-7532-431e-a3c6-51086d05560d",
    "TripID": "f17db145-17b4-45f2-a688-6598fb85250e",
    "Calificacion": 2.23,
    "Comentario": "comment47"
  },
  {
    "CalificationID": "131aa25d-2eb6-47e2-998e-825526d4d4d0",
    "PasageroID": "39b07b33-7532-431e-a3c6-51086d05560d",
    "TripID": "0e063c50-8186-4967-ad0e-3a1d731284a5",
    "Calificacion": 5.54,
    "Comentario": "comment48"
  },
  {
    "CalificationID": "9ba33786-3366-488a-8660-071de5234c01",
    "PasageroID": "39b07b33-7532-431e-a3c6-51086d05560d",
    "TripID": "fc824024-e5e0-47d7-ab95-6247b8ed0c5c",
    "Calificacion": 3.28,
    "Comentario": "comment49"
  },
  {
    "CalificationID": "f8dfbefd-a8f8-4817-9b80-e6c0a5185f4d",
    "PasageroID": "39b07b33-7532-431e-a3c6-51086d05560d",
    "TripID": "e8a2538d-c348-4338-932e-ce91574d8301",
    "Calificacion": 5.62,
    "Comentario": "comment50"
  },
  {
    "CalificationID": "d7ff6a9b-31d0-4d4b-a7eb-2e42702ddc12",
    "PasageroID": "39b07b33-7532-431e-a3c6-51086d05560d",
    "TripID": "b42fce35-5c97-4f23-b442-7c28ad07607e",
    "Calificacion": 2.58,
    "Comentario": "comment51"
  },
  {
    "CalificationID": "e8549579-6528-4779-b79a-0abf03184b85",
    "PasageroID": "9badd830-05a0-4662-94af-b3deb0d56a31",
    "TripID": "d43479b5-9a9d-4504-bfbd-87fc42ec784f",
    "Calificacion": 3.15,
    "Comentario": "comment52"
  },
  {
    "CalificationID": "091c4a14-85e8-4f97-9a47-668110231caf",
    "PasageroID": "9badd830-05a0-4662-94af-b3deb0d56a31",
    "TripID": "fa3391ba-184e-47d6-a541-b012537929a0",
    "Calificacion": 2.12,
    "Comentario": "comment53"
  },
  {
    "CalificationID": "3d1baee7-45e6-4ac5-8c4d-d2be431546e9",
    "PasageroID": "e08a9b86-35d9-4e9d-bf28-08bc30614f13",
    "TripID": "3b29db2f-5bdc-4e77-9af3-c3c3e91e9f9e",
    "Calificacion": 5.89,
    "Comentario": "comment54"
  },
  {
    "CalificationID": "6121520f-5489-4a1f-a3d6-ebfe5b2c059d",
    "PasageroID": "7d5354fb-61ec-405e-b93f-a9a30ecd423b",
    "TripID": "6b34bd3f-42a1-484e-b8da-8738214a016e",
    "Calificacion": 4.36,
    "Comentario": "comment55"
  },
  {
    "CalificationID": "e7d0108c-46c6-4a64-968a-e85a068739a8",
    "PasageroID": "49671a5b-1389-40c1-8a91-b894feb850c9",
    "TripID": "0aa97854-ec79-4e4a-8ff7-cee961592552",
    "Calificacion": 2.88,
    "Comentario": "comment56"
  },
  {
    "CalificationID": "96a03783-a835-46ee-9140-0407631ab6f8",
    "PasageroID": "4d36d190-7907-4943-9ff6-93f1d8ad9a29",
    "TripID": "d32223dc-297d-41c8-8245-3373ffe180a4",
    "Calificacion": 2.23,
    "Comentario": "comment57"
  },
  {
    "CalificationID": "65dff326-9fbb-4b62-88a2-f2f9527ec22a",
    "PasageroID": "98fc3830-0a56-4eed-9969-2bca600c6f46",
    "TripID": "4d41195a-67f8-4668-93b1-a58495972393",
    "Calificacion": 4.63,
    "Comentario": "comment58"
  },
  {
    "CalificationID": "c3b23f83-a0e9-4fe0-80d6-54d2d5554ce3",
    "PasageroID": "8ec5f149-8841-4215-8cab-86dae16a5a48",
    "TripID": "fe23112f-cc55-4e6f-b039-39b1a5c400d4",
    "Calificacion": 5.54,
    "Comentario": "comment59"
  },
  {
    "CalificationID": "9ff5b2f4-dbc5-479f-b7e7-98e816bef6ac",
    "PasageroID": "8ec5f149-8841-4215-8cab-86dae16a5a48",
    "TripID": "e2853943-0dc8-4b5e-8972-06d4fcccd940",
    "Calificacion": 2.58,
    "Comentario": "comment60"
  },
  {
    "CalificationID": "b686a165-9b3c-470a-8adb-3653215ff519",
    "PasageroID": "8ec5f149-8841-4215-8cab-86dae16a5a48",
    "TripID": "35422882-dafa-42c9-aacb-96ccba22a24b",
    "Calificacion": 2.69,
    "Comentario": "comment61"
  },
  {
    "CalificationID": "5128044f-5178-49c3-a9cb-62abe04f2ecf",
    "PasageroID": "9cd2f85f-aeda-4fc4-bb1d-acbaa1d9e82b",
    "TripID": "aa3fa254-e031-4704-8843-48cde1be8a20",
    "Calificacion": 4.23,
    "Comentario": "comment62"
  },
  {
    "CalificationID": "2e11d94d-c4dc-4a85-80dc-b03da098aecc",
    "PasageroID": "53140ca2-def4-44e4-9f2f-ef7f72249423",
    "TripID": "61af04b0-4e06-4c07-828d-105caffcbb1a",
    "Calificacion": 3.61,
    "Comentario": "comment63"
  },
  {
    "CalificationID": "0f581e14-e3c3-4064-b67a-97f41a8cc6b5",
    "PasageroID": "53140ca2-def4-44e4-9f2f-ef7f72249423",
    "TripID": "1ce06d71-63d2-4bb1-b13c-b88f2e8a290c",
    "Calificacion": 3.84,
    "Comentario": "comment64"
  },
  {
    "CalificationID": "7970119f-c0e9-4ce1-a19a-c2105e6c04a3",
    "PasageroID": "53140ca2-def4-44e4-9f2f-ef7f72249423",
    "TripID": "13c35ad9-69db-4333-b6b1-4bb7db48beaf",
    "Calificacion": 4.64,
    "Comentario": "comment65"
  },
  {
    "CalificationID": "6bed3535-f459-4d05-afa0-6e8eb408a0eb",
    "PasageroID": "53140ca2-def4-44e4-9f2f-ef7f72249423",
    "TripID": "969a5ac7-5f63-4f14-ab45-87e51898af98",
    "Calificacion": 4.6,
    "Comentario": "comment66"
  },
  {
    "CalificationID": "d18461fa-d215-498a-8f79-31ea6a48e489",
    "PasageroID": "9a16e3d5-1ef5-4a3d-b73f-0af6331fec34",
    "TripID": "fc824024-e5e0-47d7-ab95-6247b8ed0c5c",
    "Calificacion": 2.47,
    "Comentario": "comment67"
  },
  {
    "CalificationID": "9ed93c38-f444-43b4-b936-c883beb1bc97",
    "PasageroID": "9a16e3d5-1ef5-4a3d-b73f-0af6331fec34",
    "TripID": "48469cf6-b48e-4dba-8f44-a77d4cb2175f",
    "Calificacion": 5.05,
    "Comentario": "comment68"
  },
  {
    "CalificationID": "888f8432-9044-4735-94fb-024d16ccb032",
    "PasageroID": "9a16e3d5-1ef5-4a3d-b73f-0af6331fec34",
    "TripID": "f6e10295-74cb-4052-8ced-d67992de30ea",
    "Calificacion": 2.04,
    "Comentario": "comment69"
  },
  {
    "CalificationID": "28eeae9b-6cc0-463f-a701-e19c6d325272",
    "PasageroID": "db56d756-cf63-4811-9c56-6f5e4283fcbe",
    "TripID": "8bb6f99b-a8d1-402d-b9ad-617b04657970",
    "Calificacion": 5.46,
    "Comentario": "comment70"
  },
  {
    "CalificationID": "3f8f6d73-904f-42e9-85a0-36f4013c0b99",
    "PasageroID": "ce16c150-934f-427b-b42f-8ecaa65c1aab",
    "TripID": "add6a96f-7689-43e9-b2ad-8303e9e7c76b",
    "Calificacion": 3.7,
    "Comentario": "comment71"
  },
  {
    "CalificationID": "bd05eaf8-fea4-47df-841b-a27aec1e0539",
    "PasageroID": "eea306d1-4fe9-4279-a0ad-3435f5b1d602",
    "TripID": "d35878a0-170c-41b3-8220-6b1ff8604ebf",
    "Calificacion": 5.77,
    "Comentario": "comment72"
  },
  {
    "CalificationID": "c9cbb191-0f03-4057-8a54-bfb690a0ed97",
    "PasageroID": "8c1605c1-3225-4998-88b5-ed4740056441",
    "TripID": "4c8440f4-f3c8-4dcc-8f24-147605ef99f3",
    "Calificacion": 3.83,
    "Comentario": "comment73"
  },
  {
    "CalificationID": "e53002f9-9a1f-4857-9d1a-02cd02cb2c46",
    "PasageroID": "08f22db0-35a3-4e0f-a79d-45a2d4c1ba6c",
    "TripID": "73f1d75b-3082-44bc-9bb9-905befd71959",
    "Calificacion": 2.33,
    "Comentario": "comment74"
  },
  {
    "CalificationID": "ce6662f4-72d7-46bc-afc8-ce35db5145d4",
    "PasageroID": "08f22db0-35a3-4e0f-a79d-45a2d4c1ba6c",
    "TripID": "db89bb71-15d7-42b5-a6f1-09427410a2dc",
    "Calificacion": 3.71,
    "Comentario": "comment75"
  },
  {
    "CalificationID": "c83c1386-1946-4ea5-97fd-9bd53bab8c9d",
    "PasageroID": "46e0bdb1-43eb-4b91-b7f7-e381d55158e0",
    "TripID": "e7f44e1f-5abe-468e-8877-bbc0c4fec8ce",
    "Calificacion": 3.39,
    "Comentario": "comment76"
  },
  {
    "CalificationID": "eac0e460-7a96-485b-821a-277fec1e60f1",
    "PasageroID": "46e0bdb1-43eb-4b91-b7f7-e381d55158e0",
    "TripID": "ef909bf9-8ff4-4439-8317-205f9603f471",
    "Calificacion": 5.48,
    "Comentario": "comment77"
  },
  {
    "CalificationID": "a9b5ab28-aa36-451e-9555-d1b42c758c78",
    "PasageroID": "46e0bdb1-43eb-4b91-b7f7-e381d55158e0",
    "TripID": "97b289f7-7106-4edd-943a-145d51a0104f",
    "Calificacion": 4.56,
    "Comentario": "comment78"
  },
  {
    "CalificationID": "41998206-b49c-4603-b4b5-83aa792cfce6",
    "PasageroID": "46e0bdb1-43eb-4b91-b7f7-e381d55158e0",
    "TripID": "bac9120f-696c-4156-98a7-1b669c6a1a34",
    "Calificacion": 4.31,
    "Comentario": "comment79"
  },
  {
    "CalificationID": "65670a43-3e46-454c-8e5d-23d149a79d93",
    "PasageroID": "ee687e4f-3f92-42a2-96c9-0ab5535767b3",
    "TripID": "45719ace-f5b9-46b7-bfe4-259f714b0ddf",
    "Calificacion": 4.03,
    "Comentario": "comment80"
  },
  {
    "CalificationID": "12fe4408-96e0-44f2-9a61-ad6e1c8d5a06",
    "PasageroID": "fda44b8f-e303-4548-944e-9923df45cb2d",
    "TripID": "a66f42e4-6032-4921-80b2-db85adf934ac",
    "Calificacion": 4.18,
    "Comentario": "comment81"
  },
  {
    "CalificationID": "dd20b9b2-3481-49a9-a9e4-654053f696d1",
    "PasageroID": "62677c11-6645-4e07-ae90-1e3a03065aef",
    "TripID": "c96f4522-2e36-4977-9f6b-a7e57070c441",
    "Calificacion": 5.1,
    "Comentario": "comment82"
  },
  {
    "CalificationID": "5a1d9478-82b1-4df7-80cf-c999c86e3497",
    "PasageroID": "62677c11-6645-4e07-ae90-1e3a03065aef",
    "TripID": "63c10bcc-ff24-429b-b29b-edceda9c7bbc",
    "Calificacion": 2.3,
    "Comentario": "comment83"
  },
  {
    "CalificationID": "614de19f-3f48-44b5-8d80-39e65408fa24",
    "PasageroID": "22100beb-faa4-47ae-849c-658727ed42f5",
    "TripID": "b46dc247-b5f7-4dfe-887e-d1208fd227e7",
    "Calificacion": 2.31,
    "Comentario": "comment84"
  },
  {
    "CalificationID": "985a14f4-9ef4-4b20-ad26-760116cffc09",
    "PasageroID": "22100beb-faa4-47ae-849c-658727ed42f5",
    "TripID": "760ae6bc-cf81-4d13-a949-7c078191afa0",
    "Calificacion": 2.28,
    "Comentario": "comment85"
  },
  {
    "CalificationID": "f44e4222-5e8a-4e55-a8bc-23ce802d098c",
    "PasageroID": "9f7daed0-0f6f-46a4-b539-d172970560c5",
    "TripID": "ef10c94e-27db-4681-99e0-57e063f6f08e",
    "Calificacion": 2.06,
    "Comentario": "comment86"
  },
  {
    "CalificationID": "417c5e9d-3e00-4bd6-858c-1efa23f7bfb7",
    "PasageroID": "9f7daed0-0f6f-46a4-b539-d172970560c5",
    "TripID": "97b289f7-7106-4edd-943a-145d51a0104f",
    "Calificacion": 5.42,
    "Comentario": "comment87"
  },
  {
    "CalificationID": "1018cda7-f1a3-4a29-8358-109af3ee1f71",
    "PasageroID": "b0ee5fba-5e1b-4f38-a505-1465e816e73d",
    "TripID": "3b49601b-4319-47b3-acd6-d3f12ae3cbbb",
    "Calificacion": 3.58,
    "Comentario": "comment88"
  },
  {
    "CalificationID": "e03d0611-00fa-4d1e-becb-6edcf2bb3d23",
    "PasageroID": "b0ee5fba-5e1b-4f38-a505-1465e816e73d",
    "TripID": "f22fd38b-9d6b-4bee-bbb0-0e66047452dd",
    "Calificacion": 4.3,
    "Comentario": "comment89"
  },
  {
    "CalificationID": "061c1536-4f29-4bdb-a0f2-27db236939f4",
    "PasageroID": "5c8f6131-b6fd-4154-b955-628507cb06de",
    "TripID": "1d806900-3796-44ad-ba8e-112dce76b14a",
    "Calificacion": 3.03,
    "Comentario": "comment90"
  },
  {
    "CalificationID": "21e75c87-a77d-4afb-ae0e-b159f90cd9dc",
    "PasageroID": "24b82205-76bd-4a47-a26b-815a63dddf29",
    "TripID": "208fa4d9-11db-4f38-b0af-63b225a8e6ad",
    "Calificacion": 3.75,
    "Comentario": "comment91"
  },
  {
    "CalificationID": "406632a3-0c24-4241-8bf2-7c20e31cb13f",
    "PasageroID": "24b82205-76bd-4a47-a26b-815a63dddf29",
    "TripID": "b5cd3260-1dad-4fda-a52a-ebdff425722a",
    "Calificacion": 4.37,
    "Comentario": "comment92"
  },
  {
    "CalificationID": "8ed2b392-9c70-4b75-8df8-eb9c8500b61c",
    "PasageroID": "f025e300-be61-4b80-806a-a18024c7c8f1",
    "TripID": "f84f306d-7def-46d4-b09c-c052aa8c1f98",
    "Calificacion": 2.25,
    "Comentario": "comment93"
  },
  {
    "CalificationID": "1917df10-83c2-4461-9c00-3f8939d4f03e",
    "PasageroID": "f025e300-be61-4b80-806a-a18024c7c8f1",
    "TripID": "3bda1c3b-ad78-446d-90ac-b2e18f145e66",
    "Calificacion": 3.27,
    "Comentario": "comment94"
  },
  {
    "CalificationID": "7cddd66f-fb29-4ff4-97b5-2507308aa9a9",
    "PasageroID": "f025e300-be61-4b80-806a-a18024c7c8f1",
    "TripID": "b7bb939a-8c3f-460c-94d7-30a9b4e97205",
    "Calificacion": 3.28,
    "Comentario": "comment95"
  },
  {
    "CalificationID": "3c528d23-7797-4300-b057-fc4395155268",
    "PasageroID": "f025e300-be61-4b80-806a-a18024c7c8f1",
    "TripID": "66b1416b-0676-4ab7-8d0c-efd32036469c",
    "Calificacion": 3.66,
    "Comentario": "comment96"
  },
  {
    "CalificationID": "c8bbc31d-9aa3-4166-aad2-ee8170676e43",
    "PasageroID": "f025e300-be61-4b80-806a-a18024c7c8f1",
    "TripID": "add6a96f-7689-43e9-b2ad-8303e9e7c76b",
    "Calificacion": 4.81,
    "Comentario": "comment97"
  },
  {
    "CalificationID": "9f7b96e3-7b05-4652-a4ca-c031abcde12b",
    "PasageroID": "f025e300-be61-4b80-806a-a18024c7c8f1",
    "TripID": "256e49ae-efa4-4115-abde-6ff7f052d175",
    "Calificacion": 5.84,
    "Comentario": "comment98"
  },
  {
    "CalificationID": "f259841a-9ae3-4d5d-9286-854a4ee008fd",
    "PasageroID": "f025e300-be61-4b80-806a-a18024c7c8f1",
    "TripID": "a6a2bd8f-98b4-4f57-9ac9-638342a6e7fb",
    "Calificacion": 5.79,
    "Comentario": "comment99"
  },
  {
    "CalificationID": "17750c93-554c-483d-94a0-371b206bbf8d",
    "PasageroID": "4e94af71-76a8-4dac-99af-2568175e2580",
    "TripID": "c3d3378d-13ef-4b6f-b3ac-691f415d6583",
    "Calificacion": 5.55,
    "Comentario": "comment100"
  },
  {
    "CalificationID": "f1f43239-0ba3-4575-a64d-db04eea1d5da",
    "PasageroID": "4e94af71-76a8-4dac-99af-2568175e2580",
    "TripID": "7418de06-757e-4942-86e1-444a2d7bbec4",
    "Calificacion": 3.21,
    "Comentario": "comment101"
  },
  {
    "CalificationID": "c2d944ff-d546-4101-917d-f66ea1af560e",
    "PasageroID": "4e94af71-76a8-4dac-99af-2568175e2580",
    "TripID": "e5d7235b-d665-42aa-90a9-0d8f58347c10",
    "Calificacion": 5.2,
    "Comentario": "comment102"
  },
  {
    "CalificationID": "3b716f99-c624-49f7-9f40-26ffaee71841",
    "PasageroID": "4e94af71-76a8-4dac-99af-2568175e2580",
    "TripID": "bac9120f-696c-4156-98a7-1b669c6a1a34",
    "Calificacion": 4.46,
    "Comentario": "comment103"
  },
  {
    "CalificationID": "ccd58874-835a-4cfa-8e11-54459857d7fa",
    "PasageroID": "8dcaa661-e786-489b-abdb-1e615348854e",
    "TripID": "1e08450f-815c-4608-a440-0b7955308ac3",
    "Calificacion": 4.35,
    "Comentario": "comment104"
  },
  {
    "CalificationID": "4d39c95d-c81f-4bb3-a05f-a8549a8b5bd8",
    "PasageroID": "8dcaa661-e786-489b-abdb-1e615348854e",
    "TripID": "0e063c50-8186-4967-ad0e-3a1d731284a5",
    "Calificacion": 2.83,
    "Comentario": "comment105"
  },
  {
    "CalificationID": "07731ffb-8f96-49b9-81ce-2566bbd52082",
    "PasageroID": "8707d755-3cfc-4057-a222-b9850dbb522b",
    "TripID": "07224baa-834c-4b70-a5f9-8f8f99770fa3",
    "Calificacion": 2.65,
    "Comentario": "comment106"
  },
  {
    "CalificationID": "d916718b-9511-4924-a7da-82ed001df0a3",
    "PasageroID": "8707d755-3cfc-4057-a222-b9850dbb522b",
    "TripID": "07224baa-834c-4b70-a5f9-8f8f99770fa3",
    "Calificacion": 2.06,
    "Comentario": "comment107"
  },
  {
    "CalificationID": "94f2803a-611d-4313-b467-ab13a3fe6167",
    "PasageroID": "04dcb2fe-9917-42da-8a41-c259d4bbc730",
    "TripID": "ccc848b0-4a06-4ac9-8439-e7f89b0a2a55",
    "Calificacion": 4.86,
    "Comentario": "comment108"
  },
  {
    "CalificationID": "14e173b3-64ad-479e-98a6-537d10f0e596",
    "PasageroID": "04dcb2fe-9917-42da-8a41-c259d4bbc730",
    "TripID": "4d41195a-67f8-4668-93b1-a58495972393",
    "Calificacion": 2.92,
    "Comentario": "comment109"
  },
  {
    "CalificationID": "835fdb3b-7ecc-49ca-bd15-553d3acff811",
    "PasageroID": "04dcb2fe-9917-42da-8a41-c259d4bbc730",
    "TripID": "ee57a6f5-e4d0-448a-95f2-2adbeccb1991",
    "Calificacion": 5.54,
    "Comentario": "comment110"
  },
  {
    "CalificationID": "2d6fa167-ea46-431c-8316-ee819b6e07de",
    "PasageroID": "ad68fbbc-c3f2-4a0c-9743-ed6e4744c0eb",
    "TripID": "f8aa5c2f-1587-49b6-a90e-eefafe8a5483",
    "Calificacion": 3.38,
    "Comentario": "comment111"
  },
  {
    "CalificationID": "9af866ec-54ef-4123-bc10-dbc874534365",
    "PasageroID": "ad68fbbc-c3f2-4a0c-9743-ed6e4744c0eb",
    "TripID": "13c35ad9-69db-4333-b6b1-4bb7db48beaf",
    "Calificacion": 3.0,
    "Comentario": "comment112"
  },
  {
    "CalificationID": "237ec524-3760-45a2-bbbc-74471329da51",
    "PasageroID": "4d33564d-0469-4ab8-ad04-da72e2b70639",
    "TripID": "7d7d0b24-4036-4e76-80f9-9cfed2cf9793",
    "Calificacion": 2.56,
    "Comentario": "comment113"
  },
  {
    "CalificationID": "e183d210-bc38-41a6-a5d4-26c93051b9ce",
    "PasageroID": "6f6adca4-14aa-4f8a-b36e-241c9c8b378e",
    "TripID": "f9acafc2-1795-4e67-83c6-fb80a0a896aa",
    "Calificacion": 2.28,
    "Comentario": "comment114"
  },
  {
    "CalificationID": "269cffdd-7490-4b80-b520-79789383f530",
    "PasageroID": "63281807-db48-40be-b520-8bd7783c70d7",
    "TripID": "2b93d01d-d00d-48b7-8878-bf64438df99b",
    "Calificacion": 2.71,
    "Comentario": "comment115"
  },
  {
    "CalificationID": "2e16ac16-28bc-4f3e-9833-563700b9bde6",
    "PasageroID": "63281807-db48-40be-b520-8bd7783c70d7",
    "TripID": "522300a5-3470-47ea-876f-743db44ad35e",
    "Calificacion": 3.23,
    "Comentario": "comment116"
  },
  {
    "CalificationID": "f0290c42-65ae-47b0-a9ad-d4a2a60f4021",
    "PasageroID": "8c05671c-948e-4852-9552-3047262d389a",
    "TripID": "ab97820e-498a-494b-87dd-87f914d72d71",
    "Calificacion": 4.31,
    "Comentario": "comment117"
  },
  {
    "CalificationID": "df84ff40-bd0f-4778-885a-dcf438e1a283",
    "PasageroID": "726ce7ff-fdb4-48af-a6cb-690c4ed35095",
    "TripID": "63c10bcc-ff24-429b-b29b-edceda9c7bbc",
    "Calificacion": 2.63,
    "Comentario": "comment118"
  },
  {
    "CalificationID": "b50c5fa2-7475-419a-b3ab-c2d49574b4cb",
    "PasageroID": "dee69949-5acb-4d6b-b497-81a7e149a084",
    "TripID": "ea87b954-f17c-4898-8385-f7b181405419",
    "Calificacion": 3.99,
    "Comentario": "comment119"
  },
  {
    "CalificationID": "fdb24532-59c6-486a-bffc-43800aaa22be",
    "PasageroID": "a51fd340-cad5-4f2a-9c06-fe6948d9658b",
    "TripID": "87026818-e90d-4b5a-8512-b4a1ff89b577",
    "Calificacion": 3.3,
    "Comentario": "comment120"
  },
  {
    "CalificationID": "d412bdfe-fe0f-4f93-b1bb-24091bfc5e82",
    "PasageroID": "77e04134-bb4c-425a-83db-2ee38051bc6c",
    "TripID": "d3d44f80-03fe-4341-a95c-5165ecf64ef8",
    "Calificacion": 2.12,
    "Comentario": "comment121"
  },
  {
    "CalificationID": "40179484-7c88-4e9c-a51b-b478b44819fc",
    "PasageroID": "77e04134-bb4c-425a-83db-2ee38051bc6c",
    "TripID": "a0a66679-fedd-4935-9dc0-7e5680548ad3",
    "Calificacion": 2.89,
    "Comentario": "comment122"
  },
  {
    "CalificationID": "81d93579-de36-434f-a097-0f4c91550892",
    "PasageroID": "37c9de7d-114a-4dfa-b517-cfbc49ba274c",
    "TripID": "1b662565-420b-417a-9405-55ccd28828a4",
    "Calificacion": 3.92,
    "Comentario": "comment123"
  },
  {
    "CalificationID": "3b640a53-2392-475e-b150-2a27cfb3bd8a",
    "PasageroID": "37c9de7d-114a-4dfa-b517-cfbc49ba274c",
    "TripID": "e3f16cb9-60ba-46c3-b10d-f4a8172549c8",
    "Calificacion": 2.21,
    "Comentario": "comment124"
  },
  {
    "CalificationID": "66cd82a3-1608-4239-8774-3579bb846c9f",
    "PasageroID": "37c9de7d-114a-4dfa-b517-cfbc49ba274c",
    "TripID": "36d43b2f-ddab-4393-9f9c-2478bbf3500d",
    "Calificacion": 5.69,
    "Comentario": "comment125"
  },
  {
    "CalificationID": "374f6a14-e817-4cf0-81bd-3e3632b52ed5",
    "PasageroID": "25052c11-6ab1-43d9-a743-70ca942983b5",
    "TripID": "e05e62bf-789b-44b3-824f-46fdb15d9f76",
    "Calificacion": 2.5,
    "Comentario": "comment126"
  },
  {
    "CalificationID": "bdb2541d-3017-4202-9604-6661d9c00067",
    "PasageroID": "25052c11-6ab1-43d9-a743-70ca942983b5",
    "TripID": "7c6a1ace-28db-4204-a0b3-46a02ca3d990",
    "Calificacion": 4.9,
    "Comentario": "comment127"
  },
  {
    "CalificationID": "f1a73802-44e9-46ab-b7e6-0c66150fc8d9",
    "PasageroID": "088fe36a-baea-4737-9b01-7f07d21b9e57",
    "TripID": "3eb009e0-6bf4-40e4-9717-a749d3adb6ef",
    "Calificacion": 2.81,
    "Comentario": "comment128"
  },
  {
    "CalificationID": "3dc308a7-c3ff-40f9-8b0d-685e6a5a2058",
    "PasageroID": "088fe36a-baea-4737-9b01-7f07d21b9e57",
    "TripID": "d977a766-bfaa-4208-8622-0d7868aed222",
    "Calificacion": 3.81,
    "Comentario": "comment129"
  },
  {
    "CalificationID": "fb86186d-6831-40f4-bf4e-c40b3e5a0c58",
    "PasageroID": "0127e6de-0af4-496d-ad08-53374a1987d1",
    "TripID": "11bae894-cd4f-4c6b-920c-984ef2764c35",
    "Calificacion": 2.36,
    "Comentario": "comment130"
  },
  {
    "CalificationID": "01e3f731-a1af-469e-b503-9c015d06f42c",
    "PasageroID": "0127e6de-0af4-496d-ad08-53374a1987d1",
    "TripID": "9f6879aa-9faf-4e7b-9626-48c650e0c68f",
    "Calificacion": 5.29,
    "Comentario": "comment131"
  },
  {
    "CalificationID": "3aab3033-301b-43dc-b681-7dda3d172304",
    "PasageroID": "af51c0b6-e406-4c9b-bd76-8d1e9bd1c03d",
    "TripID": "35422882-dafa-42c9-aacb-96ccba22a24b",
    "Calificacion": 3.63,
    "Comentario": "comment132"
  },
  {
    "CalificationID": "187db180-49b8-4a37-a15d-81c7fa1fb5fa",
    "PasageroID": "010cde7f-437e-4b71-8f43-dd82b1127b0f",
    "TripID": "b41966a1-58a2-473d-a01c-1cd884a93743",
    "Calificacion": 2.74,
    "Comentario": "comment133"
  },
  {
    "CalificationID": "0e65e1b4-bb59-40e7-b070-724e5d8bb1c9",
    "PasageroID": "010cde7f-437e-4b71-8f43-dd82b1127b0f",
    "TripID": "479b37f8-2a5e-471d-b89e-86bacbe45e2d",
    "Calificacion": 4.29,
    "Comentario": "comment134"
  },
  {
    "CalificationID": "7ba37b0b-ee09-4949-a887-d76ddab62e9d",
    "PasageroID": "7ff00b8f-93a7-4de9-aca2-2416aeb0138a",
    "TripID": "57177564-ee14-4308-8f7f-9db146d66c0e",
    "Calificacion": 2.53,
    "Comentario": "comment135"
  },
  {
    "CalificationID": "4fc92f86-217a-4e52-a7f9-0949ea250af5",
    "PasageroID": "7ff00b8f-93a7-4de9-aca2-2416aeb0138a",
    "TripID": "fddf8842-7c70-48e0-8412-6bafade8afc7",
    "Calificacion": 3.93,
    "Comentario": "comment136"
  },
  {
    "CalificationID": "3cdcbc13-02b0-4a92-a06a-16a18e25beff",
    "PasageroID": "7ff00b8f-93a7-4de9-aca2-2416aeb0138a",
    "TripID": "e0cfbaf3-5fda-44b1-961f-81204aabaf1c",
    "Calificacion": 2.15,
    "Comentario": "comment137"
  },
  {
    "CalificationID": "eb681e61-725b-4411-9e6a-da1f4eebd78c",
    "PasageroID": "7ff00b8f-93a7-4de9-aca2-2416aeb0138a",
    "TripID": "197ef316-a646-447c-a1d2-5995aa8af185",
    "Calificacion": 4.11,
    "Comentario": "comment138"
  },
  {
    "CalificationID": "033a9b4e-c608-4a57-847c-67b55a6760ee",
    "PasageroID": "7ff00b8f-93a7-4de9-aca2-2416aeb0138a",
    "TripID": "9f8fc0d7-9eaf-44c8-b918-855578f4a940",
    "Calificacion": 5.17,
    "Comentario": "comment139"
  },
  {
    "CalificationID": "b0eded2d-c632-4656-9f19-ef98cb9bfb17",
    "PasageroID": "7ff00b8f-93a7-4de9-aca2-2416aeb0138a",
    "TripID": "a7a58eca-073b-4d28-8649-67795585863d",
    "Calificacion": 2.76,
    "Comentario": "comment140"
  },
  {
    "CalificationID": "a0fc11a1-a843-4b87-9010-49f06f6987b3",
    "PasageroID": "4d163f57-fba8-4b63-9865-bf489fa33fec",
    "TripID": "e77e65e4-96b2-4ca3-909a-0b540104cdfb",
    "Calificacion": 3.83,
    "Comentario": "comment141"
  },
  {
    "CalificationID": "77570e70-de38-46cd-8af0-eeb721e6e22e",
    "PasageroID": "4d163f57-fba8-4b63-9865-bf489fa33fec",
    "TripID": "17ffa7a1-6bf7-470b-8198-bfeacf1e3e76",
    "Calificacion": 5.93,
    "Comentario": "comment142"
  },
  {
    "CalificationID": "ab763601-1871-49ca-80ea-5823f32a0bbb",
    "PasageroID": "4d163f57-fba8-4b63-9865-bf489fa33fec",
    "TripID": "b5cd3260-1dad-4fda-a52a-ebdff425722a",
    "Calificacion": 5.78,
    "Comentario": "comment143"
  },
  {
    "CalificationID": "ed663c1d-cdb9-4357-96c1-2487407681c0",
    "PasageroID": "bfeefb58-6972-4adc-a0c6-ede29baa89c2",
    "TripID": "cd0dd6ca-de07-496d-beb6-6c334b18bbe0",
    "Calificacion": 4.07,
    "Comentario": "comment144"
  },
  {
    "CalificationID": "39537f89-43c0-49aa-8269-528f26e5b72c",
    "PasageroID": "81e7f488-2fb9-411e-9d1a-ca3a2bf9ec37",
    "TripID": "8c400685-c491-4ef5-95ea-8e40d4414d31",
    "Calificacion": 2.89,
    "Comentario": "comment145"
  },
  {
    "CalificationID": "f6c989ac-3f98-4870-a3ab-520be35c5b5d",
    "PasageroID": "81e7f488-2fb9-411e-9d1a-ca3a2bf9ec37",
    "TripID": "790277a0-0d08-4ad8-a955-e5fa6a762367",
    "Calificacion": 4.02,
    "Comentario": "comment146"
  },
  {
    "CalificationID": "7b36dc87-41c0-438c-868a-92da597a0004",
    "PasageroID": "08a0488e-498d-4f5c-af76-d23cc29de3af",
    "TripID": "5f50f8a1-7710-41b9-b934-cd0e6a9048f2",
    "Calificacion": 2.74,
    "Comentario": "comment147"
  },
  {
    "CalificationID": "39a86fd8-b511-4bc8-b152-3e473513806d",
    "PasageroID": "08a0488e-498d-4f5c-af76-d23cc29de3af",
    "TripID": "144f5c9c-229b-454f-aa37-6725ac3d9c82",
    "Calificacion": 2.26,
    "Comentario": "comment148"
  },
  {
    "CalificationID": "ed41f3e7-8e24-49a6-8952-2fe5f67bef52",
    "PasageroID": "08a0488e-498d-4f5c-af76-d23cc29de3af",
    "TripID": "ee57a6f5-e4d0-448a-95f2-2adbeccb1991",
    "Calificacion": 3.74,
    "Comentario": "comment149"
  },
  {
    "CalificationID": "16a89c62-79a8-45a8-a757-e569f38d04e9",
    "PasageroID": "3f4d8cec-7460-4f1b-bc2e-8adf7d175e4c",
    "TripID": "86c93faf-39c2-4ce3-b0ff-d83b25a21ab3",
    "Calificacion": 3.37,
    "Comentario": "comment150"
  },
  {
    "CalificationID": "1ac93402-561e-424d-b322-97da1f77eccf",
    "PasageroID": "3f4d8cec-7460-4f1b-bc2e-8adf7d175e4c",
    "TripID": "cb1cc575-8852-4fe8-8233-27967e3e99b2",
    "Calificacion": 2.66,
    "Comentario": "comment151"
  },
  {
    "CalificationID": "b7876a24-a047-4d3c-b4a3-18df4f722eb4",
    "PasageroID": "3f4d8cec-7460-4f1b-bc2e-8adf7d175e4c",
    "TripID": "424d4b89-293e-465a-93b6-51b4edce5c99",
    "Calificacion": 3.92,
    "Comentario": "comment152"
  },
  {
    "CalificationID": "548b7d63-39ad-45e1-94fa-8c79ac9aae1b",
    "PasageroID": "476a6328-41e3-43a2-b8c1-3b7b28b80e46",
    "TripID": "426cad2d-653a-4c75-995c-cc8287e639dd",
    "Calificacion": 5.17,
    "Comentario": "comment153"
  },
  {
    "CalificationID": "92a34158-462a-4226-a1ec-c631c5d78998",
    "PasageroID": "e051c0f5-0072-461b-a672-b617b09c6aad",
    "TripID": "6ba85040-0cd8-49bb-b1ff-13e8c0cefbfd",
    "Calificacion": 2.9,
    "Comentario": "comment154"
  },
  {
    "CalificationID": "12129d59-804a-4168-bc2e-6e4a3f7eb7d7",
    "PasageroID": "e051c0f5-0072-461b-a672-b617b09c6aad",
    "TripID": "e7b48b4d-e725-48d3-b8c4-47006d279d58",
    "Calificacion": 3.07,
    "Comentario": "comment155"
  },
  {
    "CalificationID": "136213e4-3c96-428e-9e70-4ab17202f5ef",
    "PasageroID": "be75f7ee-ce08-47fc-9e4f-dd67776ec6ee",
    "TripID": "57177564-ee14-4308-8f7f-9db146d66c0e",
    "Calificacion": 5.22,
    "Comentario": "comment156"
  },
  {
    "CalificationID": "dfe1c34b-ee1b-491d-8815-366ffb8aa706",
    "PasageroID": "be75f7ee-ce08-47fc-9e4f-dd67776ec6ee",
    "TripID": "e3f16cb9-60ba-46c3-b10d-f4a8172549c8",
    "Calificacion": 3.16,
    "Comentario": "comment157"
  },
  {
    "CalificationID": "5a84448c-05c7-4883-ae61-3aae01b6e691",
    "PasageroID": "be75f7ee-ce08-47fc-9e4f-dd67776ec6ee",
    "TripID": "fdaa3fe6-17c5-43a4-a78e-478b00576e06",
    "Calificacion": 3.29,
    "Comentario": "comment158"
  },
  {
    "CalificationID": "7107b749-e91b-454e-b4bb-5414fd32918d",
    "PasageroID": "be75f7ee-ce08-47fc-9e4f-dd67776ec6ee",
    "TripID": "9f8fc0d7-9eaf-44c8-b918-855578f4a940",
    "Calificacion": 2.39,
    "Comentario": "comment159"
  },
  {
    "CalificationID": "a8f7e565-d909-4dd5-8c0f-ff78d31c4fca",
    "PasageroID": "50b40243-f1e6-4901-9257-400a0d0f3922",
    "TripID": "08f9b314-7052-461d-9ab6-8f317e2d4ed1",
    "Calificacion": 3.7,
    "Comentario": "comment160"
  },
  {
    "CalificationID": "b604fbbb-b256-4955-987b-157bfff53d86",
    "PasageroID": "50b40243-f1e6-4901-9257-400a0d0f3922",
    "TripID": "849a67fc-8fba-4dea-a412-cdaa3834ca93",
    "Calificacion": 2.11,
    "Comentario": "comment161"
  },
  {
    "CalificationID": "5d876658-1356-4b9f-aea1-436e5fd14b2c",
    "PasageroID": "8779d270-0273-40d5-b908-4a5af3142dcb",
    "TripID": "5f50f8a1-7710-41b9-b934-cd0e6a9048f2",
    "Calificacion": 4.36,
    "Comentario": "comment162"
  },
  {
    "CalificationID": "93f6646b-4a4b-44a1-85c3-f2b5ff6ba704",
    "PasageroID": "8779d270-0273-40d5-b908-4a5af3142dcb",
    "TripID": "0d231d5d-65d7-4ea6-b5d0-2d5e1f509286",
    "Calificacion": 3.89,
    "Comentario": "comment163"
  },
  {
    "CalificationID": "511b9a16-1179-407a-a414-2480a4906543",
    "PasageroID": "8779d270-0273-40d5-b908-4a5af3142dcb",
    "TripID": "3cc28bcf-c45f-4130-8af0-aa0076125951",
    "Calificacion": 4.78,
    "Comentario": "comment164"
  },
  {
    "CalificationID": "b7fa445c-6dfc-4b75-b3d1-994e00df68e8",
    "PasageroID": "0af752ab-7817-493b-83c7-702b95c00682",
    "TripID": "52626ebd-8c51-4db6-8b1c-da4a41bcd066",
    "Calificacion": 4.89,
    "Comentario": "comment165"
  },
  {
    "CalificationID": "01ed4e5c-484a-4b1d-9aaf-138d009fad00",
    "PasageroID": "c9ad1e54-d6fb-4e7b-9a59-57f51596f312",
    "TripID": "dab9a20d-495f-48bf-b4c5-26a995758b46",
    "Calificacion": 4.64,
    "Comentario": "comment166"
  },
  {
    "CalificationID": "0c6db1f4-696b-47cb-8805-ac9c92f65a19",
    "PasageroID": "c9ad1e54-d6fb-4e7b-9a59-57f51596f312",
    "TripID": "531f0de7-10cf-439f-95e8-29d35eea636b",
    "Calificacion": 3.42,
    "Comentario": "comment167"
  },
  {
    "CalificationID": "9b9a599a-8b10-480e-92d2-79aceb93f372",
    "PasageroID": "14f096aa-ca9b-4aea-a238-99c5fd561e5c",
    "TripID": "ec8c7454-c0ee-466e-b7ad-79a1b1381906",
    "Calificacion": 4.15,
    "Comentario": "comment168"
  },
  {
    "CalificationID": "cb7d02d5-acf0-4278-b0fe-3e05fa0b62c4",
    "PasageroID": "14f096aa-ca9b-4aea-a238-99c5fd561e5c",
    "TripID": "0ce78407-6d3b-44a1-9028-d2642461661e",
    "Calificacion": 2.12,
    "Comentario": "comment169"
  },
  {
    "CalificationID": "e370ae0c-e3f0-4f74-b7f3-21eaa287e71c",
    "PasageroID": "14f096aa-ca9b-4aea-a238-99c5fd561e5c",
    "TripID": "52626ebd-8c51-4db6-8b1c-da4a41bcd066",
    "Calificacion": 4.41,
    "Comentario": "comment170"
  },
  {
    "CalificationID": "65de6d27-d134-440d-9241-97b477ecf18a",
    "PasageroID": "ea8788f8-9986-4741-a4c8-4bffb1d3d4b5",
    "TripID": "3835a3c2-5a98-45bb-ac3a-08a95573753c",
    "Calificacion": 2.23,
    "Comentario": "comment171"
  },
  {
    "CalificationID": "f8483d77-245e-406b-b1de-e0df8b226d7b",
    "PasageroID": "ea8788f8-9986-4741-a4c8-4bffb1d3d4b5",
    "TripID": "bf45aff1-df01-42e7-b01b-607c44c2c0fa",
    "Calificacion": 2.58,
    "Comentario": "comment172"
  },
  {
    "CalificationID": "62f1472a-bf5d-4cc8-a7ea-aed2295b1299",
    "PasageroID": "420592f8-f5e5-4475-95f3-ec2d6ca2976f",
    "TripID": "508b8c07-75c6-4158-b528-29e165cbc779",
    "Calificacion": 4.54,
    "Comentario": "comment173"
  },
  {
    "CalificationID": "7a3c8392-ffe6-4b87-b05b-75f0340823ce",
    "PasageroID": "420592f8-f5e5-4475-95f3-ec2d6ca2976f",
    "TripID": "5715b379-11ea-4d07-a935-8a184ca1aae9",
    "Calificacion": 2.86,
    "Comentario": "comment174"
  },
  {
    "CalificationID": "a6802be2-4a0d-4c37-87fb-9db371cef641",
    "PasageroID": "e79c9b51-ef40-4d6f-be80-c800a93a5c50",
    "TripID": "9e0b1842-2740-4232-ae04-27bc0706b8bb",
    "Calificacion": 4.93,
    "Comentario": "comment175"
  },
  {
    "CalificationID": "12275a18-2da3-494c-b687-41120ce2d503",
    "PasageroID": "e79c9b51-ef40-4d6f-be80-c800a93a5c50",
    "TripID": "cfe11802-21d1-4c64-97d0-f4a88eda48d1",
    "Calificacion": 4.3,
    "Comentario": "comment176"
  },
  {
    "CalificationID": "2e48785f-7592-4db0-9bb7-12fbfaac71e4",
    "PasageroID": "ff4c77b8-2d4b-4254-982a-87281a6a12c4",
    "TripID": "252afd12-bf11-452d-aa39-89021a39b2af",
    "Calificacion": 4.04,
    "Comentario": "comment177"
  },
  {
    "CalificationID": "f2a87696-df63-45be-b49f-bfae309919c7",
    "PasageroID": "ff4c77b8-2d4b-4254-982a-87281a6a12c4",
    "TripID": "d71f326a-005b-4731-acae-690056453b66",
    "Calificacion": 2.64,
    "Comentario": "comment178"
  },
  {
    "CalificationID": "4b3d8d22-9545-49e4-bb88-788213afb709",
    "PasageroID": "ff4c77b8-2d4b-4254-982a-87281a6a12c4",
    "TripID": "c2479f1a-e815-45c7-99a8-cd246d9b1cdd",
    "Calificacion": 5.9,
    "Comentario": "comment179"
  },
  {
    "CalificationID": "20236769-089b-426f-a237-f790351272bd",
    "PasageroID": "ff4c77b8-2d4b-4254-982a-87281a6a12c4",
    "TripID": "3a22d58e-83e5-45f8-aef0-56d0b1295661",
    "Calificacion": 3.41,
    "Comentario": "comment180"
  },
  {
    "CalificationID": "49165bbf-506a-423e-b94b-b50defa95ea3",
    "PasageroID": "9f24ace1-19f5-4f7f-8c1e-26067352323e",
    "TripID": "9e0b1842-2740-4232-ae04-27bc0706b8bb",
    "Calificacion": 4.19,
    "Comentario": "comment181"
  },
  {
    "CalificationID": "37a7e4e0-fb1d-4347-b4cc-18bf561ea281",
    "PasageroID": "9f24ace1-19f5-4f7f-8c1e-26067352323e",
    "TripID": "f6e10295-74cb-4052-8ced-d67992de30ea",
    "Calificacion": 2.06,
    "Comentario": "comment182"
  },
  {
    "CalificationID": "2d126f1c-e0b3-4694-9a76-fd2097e78c33",
    "PasageroID": "57807ebd-5bfe-461c-a633-7640807bec1b",
    "TripID": "e6eca1da-f430-4b98-996a-f9882cb04ecc",
    "Calificacion": 2.2,
    "Comentario": "comment183"
  },
  {
    "CalificationID": "cec7b2d5-c733-49e7-a7a8-dbf9c0194959",
    "PasageroID": "57807ebd-5bfe-461c-a633-7640807bec1b",
    "TripID": "41df473a-5053-4714-8665-c453a88de371",
    "Calificacion": 2.66,
    "Comentario": "comment184"
  },
  {
    "CalificationID": "4be0bbc5-c010-44b7-9b21-79f3dae65522",
    "PasageroID": "57807ebd-5bfe-461c-a633-7640807bec1b",
    "TripID": "159774bb-fc8b-4bb4-aff8-b6c501bfaf86",
    "Calificacion": 2.42,
    "Comentario": "comment185"
  },
  {
    "CalificationID": "741d1f22-d410-4d9e-b553-c9d8049cda7e",
    "PasageroID": "57807ebd-5bfe-461c-a633-7640807bec1b",
    "TripID": "64716664-e3a4-44d8-8c31-73809d2bf376",
    "Calificacion": 3.44,
    "Comentario": "comment186"
  },
  {
    "CalificationID": "9ccad73d-0d08-4f6a-9340-c840b872fd78",
    "PasageroID": "b15550b1-c7d1-4b0a-a565-ed50c88a225b",
    "TripID": "64499b28-aa58-4eee-8b21-b20161a3dcf3",
    "Calificacion": 5.64,
    "Comentario": "comment187"
  },
  {
    "CalificationID": "f2cb2021-0a10-4098-9b2d-131680d9904f",
    "PasageroID": "b15550b1-c7d1-4b0a-a565-ed50c88a225b",
    "TripID": "a1703d81-2d46-49d8-8c06-1cc741120684",
    "Calificacion": 4.52,
    "Comentario": "comment188"
  },
  {
    "CalificationID": "e36b3b36-e8ae-4820-a010-85b56135b6fd",
    "PasageroID": "b15550b1-c7d1-4b0a-a565-ed50c88a225b",
    "TripID": "113171ac-f6ac-4fbd-85d3-1fb23ff5e730",
    "Calificacion": 5.14,
    "Comentario": "comment189"
  },
  {
    "CalificationID": "96db052b-8335-4971-bead-3f3b0768acf6",
    "PasageroID": "b15550b1-c7d1-4b0a-a565-ed50c88a225b",
    "TripID": "104203fc-8f58-4f2d-af31-ee135fa73278",
    "Calificacion": 3.22,
    "Comentario": "comment190"
  },
  {
    "CalificationID": "7f6c2e1d-1ffc-4ee3-9396-e34028d5a0a7",
    "PasageroID": "b15550b1-c7d1-4b0a-a565-ed50c88a225b",
    "TripID": "208fa4d9-11db-4f38-b0af-63b225a8e6ad",
    "Calificacion": 5.43,
    "Comentario": "comment191"
  },
  {
    "CalificationID": "dffd554e-54ef-462c-a8e9-270729925caf",
    "PasageroID": "b15550b1-c7d1-4b0a-a565-ed50c88a225b",
    "TripID": "77e9e030-7327-4fac-a2e5-6851b698ee5d",
    "Calificacion": 3.86,
    "Comentario": "comment192"
  },
  {
    "CalificationID": "d64b77d3-0248-4337-9eaa-8b58a299ef93",
    "PasageroID": "08cba31f-3285-47a9-94d2-0e98f23dee5d",
    "TripID": "7418de06-757e-4942-86e1-444a2d7bbec4",
    "Calificacion": 2.23,
    "Comentario": "comment193"
  },
  {
    "CalificationID": "147f903e-1170-48b3-b12c-d9915fcbbae5",
    "PasageroID": "08cba31f-3285-47a9-94d2-0e98f23dee5d",
    "TripID": "77e9e030-7327-4fac-a2e5-6851b698ee5d",
    "Calificacion": 2.94,
    "Comentario": "comment194"
  },
  {
    "CalificationID": "c1a4f43e-bc7d-49cf-8530-e61d717e1a63",
    "PasageroID": "86e44473-65c6-4429-abea-2d24de9befcb",
    "TripID": "8606b0a8-a6c1-422e-8e22-134db111fed8",
    "Calificacion": 3.16,
    "Comentario": "comment195"
  },
  {
    "CalificationID": "2580d027-74ef-448c-926b-b6d5f879cc64",
    "PasageroID": "fadcdfc5-d8a9-4eb6-b202-bac75c8d0066",
    "TripID": "50ad926a-6eb0-4d71-a4c4-211b6d80d8fa",
    "Calificacion": 4.79,
    "Comentario": "comment196"
  },
  {
    "CalificationID": "1f6f9222-6e58-43ba-8122-9951663c83cc",
    "PasageroID": "9c6d8501-5f59-4729-bd08-69b6aa9fe30d",
    "TripID": "a66f42e4-6032-4921-80b2-db85adf934ac",
    "Calificacion": 2.06,
    "Comentario": "comment197"
  },
  {
    "CalificationID": "c4892566-da2c-437c-8b38-f800de70d89a",
    "PasageroID": "9c6d8501-5f59-4729-bd08-69b6aa9fe30d",
    "TripID": "8f2bc8f5-80aa-44b1-94ca-6236897ad749",
    "Calificacion": 3.51,
    "Comentario": "comment198"
  },
  {
    "CalificationID": "ddeac8b3-49f0-49e8-b2bb-d80ada964309",
    "PasageroID": "85fa02f5-18f5-441d-8711-74b4a441a671",
    "TripID": "981440f8-bb91-44b6-bf1f-c94fa110cca8",
    "Calificacion": 4.36,
    "Comentario": "comment199"
  },
  {
    "CalificationID": "6d5bc94e-ba46-4715-8c63-4233122c6278",
    "PasageroID": "85fa02f5-18f5-441d-8711-74b4a441a671",
    "TripID": "dcbf6b4a-507d-406b-a5e7-7338f3e8de10",
    "Calificacion": 3.56,
    "Comentario": "comment200"
  },
  {
    "CalificationID": "eb7723c1-aa1c-4240-b657-523f944d5283",
    "PasageroID": "85fa02f5-18f5-441d-8711-74b4a441a671",
    "TripID": "cb1cc575-8852-4fe8-8233-27967e3e99b2",
    "Calificacion": 5.07,
    "Comentario": "comment201"
  },
  {
    "CalificationID": "befd0461-977d-4965-9d54-38b679a6a5da",
    "PasageroID": "4b7595aa-1870-4323-9c4f-627ac7038742",
    "TripID": "e05e62bf-789b-44b3-824f-46fdb15d9f76",
    "Calificacion": 4.23,
    "Comentario": "comment202"
  },
  {
    "CalificationID": "c0ddc0b7-b194-4e87-895d-dd01fe6a57a5",
    "PasageroID": "315c31d9-8d46-4c56-9812-6925a5d27b08",
    "TripID": "174546aa-a926-420f-ba04-81df06405dca",
    "Calificacion": 4.84,
    "Comentario": "comment203"
  },
  {
    "CalificationID": "8c0db184-70f5-4793-a79d-efea3eae43bd",
    "PasageroID": "315c31d9-8d46-4c56-9812-6925a5d27b08",
    "TripID": "256e49ae-efa4-4115-abde-6ff7f052d175",
    "Calificacion": 2.28,
    "Comentario": "comment204"
  },
  {
    "CalificationID": "5146ee22-ad7c-4298-be57-3533af4ebcda",
    "PasageroID": "e541128c-a3b4-4ecf-836a-66cbbecf3ae0",
    "TripID": "60587e7b-265c-4de4-bb25-469b329cb1f9",
    "Calificacion": 4.62,
    "Comentario": "comment205"
  },
  {
    "CalificationID": "c2124057-447e-4ffa-a6d1-d27d8f38ab7e",
    "PasageroID": "98ef7b9a-10eb-489e-9c40-51c9499e5436",
    "TripID": "3b49601b-4319-47b3-acd6-d3f12ae3cbbb",
    "Calificacion": 4.88,
    "Comentario": "comment206"
  },
  {
    "CalificationID": "3a2d7705-1247-4c2a-a5d3-39b35eea64e6",
    "PasageroID": "98ef7b9a-10eb-489e-9c40-51c9499e5436",
    "TripID": "fabca8c9-78aa-4ae3-bc75-c2d3e2858c23",
    "Calificacion": 4.39,
    "Comentario": "comment207"
  },
  {
    "CalificationID": "a21df6f3-88c3-4822-90c6-e57eed77d92d",
    "PasageroID": "3dc02239-9070-4674-b347-886c02e34ab6",
    "TripID": "f17db145-17b4-45f2-a688-6598fb85250e",
    "Calificacion": 3.4,
    "Comentario": "comment208"
  },
  {
    "CalificationID": "dbe41a4c-c8da-4fe9-a5a2-49e2a8c5d18c",
    "PasageroID": "3dc02239-9070-4674-b347-886c02e34ab6",
    "TripID": "144f5c9c-229b-454f-aa37-6725ac3d9c82",
    "Calificacion": 4.29,
    "Comentario": "comment209"
  },
  {
    "CalificationID": "2a8ce67b-7edc-40f7-8d75-3df9f51b2b14",
    "PasageroID": "3dc02239-9070-4674-b347-886c02e34ab6",
    "TripID": "64b8206f-bb4f-4d15-92b8-98a24579a06e",
    "Calificacion": 2.55,
    "Comentario": "comment210"
  },
  {
    "CalificationID": "d7c142ca-2f66-4c75-8787-8dc5cdfac230",
    "PasageroID": "f59edd6b-d8bf-4088-a8d4-99b93121f8c4",
    "TripID": "ef909bf9-8ff4-4439-8317-205f9603f471",
    "Calificacion": 2.21,
    "Comentario": "comment211"
  },
  {
    "CalificationID": "bb3ed9cf-3779-4960-88ae-57baa9146831",
    "PasageroID": "5fd1ed06-e1d3-480f-9246-c12da977ed96",
    "TripID": "a7a58eca-073b-4d28-8649-67795585863d",
    "Calificacion": 3.38,
    "Comentario": "comment212"
  },
  {
    "CalificationID": "dfc1c7e5-7c3b-4c8a-a233-561828b06fe5",
    "PasageroID": "5fd1ed06-e1d3-480f-9246-c12da977ed96",
    "TripID": "64b8206f-bb4f-4d15-92b8-98a24579a06e",
    "Calificacion": 3.16,
    "Comentario": "comment213"
  },
  {
    "CalificationID": "dcbd8ce6-244e-4c7e-a9d6-5e5ce1dfc210",
    "PasageroID": "a105d3a9-7ce8-4356-ae4a-68c94393cf31",
    "TripID": "bd962826-146a-4ba5-a024-cfb0deb4cc40",
    "Calificacion": 4.92,
    "Comentario": "comment214"
  },
  {
    "CalificationID": "73edb142-0656-4c67-890f-c0a38de92960",
    "PasageroID": "a105d3a9-7ce8-4356-ae4a-68c94393cf31",
    "TripID": "69a41cbf-7b79-4e0b-885d-e34acda62107",
    "Calificacion": 2.38,
    "Comentario": "comment215"
  },
  {
    "CalificationID": "5191f347-8cb9-4e9d-876d-fbeaf4471a1a",
    "PasageroID": "8888d234-2961-4272-817a-511cc58bd179",
    "TripID": "6715832a-fee1-4a27-a2c6-9cb12eafea58",
    "Calificacion": 2.99,
    "Comentario": "comment216"
  },
  {
    "CalificationID": "caca43b5-2928-4191-9af3-1ea1a821351c",
    "PasageroID": "f2bb20cb-eb29-4d9f-b882-76f96e3a9576",
    "TripID": "27a31ba0-2d67-4a4a-b58d-a8bf58364c03",
    "Calificacion": 5.13,
    "Comentario": "comment217"
  },
  {
    "CalificationID": "cb4f1d74-1a58-4973-a28a-54991638db84",
    "PasageroID": "f900f54a-8fdd-41c7-aef0-986b579546e2",
    "TripID": "97b289f7-7106-4edd-943a-145d51a0104f",
    "Calificacion": 4.97,
    "Comentario": "comment218"
  },
  {
    "CalificationID": "3f7a0c57-1d6a-4f89-951a-172a353527d2",
    "PasageroID": "7ed65480-be11-4d06-a60d-53f2484dc44a",
    "TripID": "77b18bba-7b1a-4eb8-a591-d2466a34970d",
    "Calificacion": 3.17,
    "Comentario": "comment219"
  },
  {
    "CalificationID": "72a3d574-4c96-4431-a5e5-705ab66759a2",
    "PasageroID": "7ed65480-be11-4d06-a60d-53f2484dc44a",
    "TripID": "d2d8421e-22e5-45fe-a5cd-957093f77335",
    "Calificacion": 2.02,
    "Comentario": "comment220"
  },
  {
    "CalificationID": "365afc87-60ba-408f-8231-d1f2b3d2c552",
    "PasageroID": "1d9561c0-6e62-4669-a33a-7d20cd9eef68",
    "TripID": "31927b3f-5cb0-4e1e-b1e1-24a030482448",
    "Calificacion": 2.11,
    "Comentario": "comment221"
  },
  {
    "CalificationID": "1a126e4f-2f81-4a54-86c7-5eb6225ef1fb",
    "PasageroID": "1d9561c0-6e62-4669-a33a-7d20cd9eef68",
    "TripID": "f22fd38b-9d6b-4bee-bbb0-0e66047452dd",
    "Calificacion": 2.24,
    "Comentario": "comment222"
  },
  {
    "CalificationID": "37bd7aca-de69-4cfc-8265-289c94a36714",
    "PasageroID": "c2f471aa-b3e2-4dc5-9cdc-c266bd6a2dc0",
    "TripID": "a1703d81-2d46-49d8-8c06-1cc741120684",
    "Calificacion": 5.99,
    "Comentario": "comment223"
  },
  {
    "CalificationID": "b0da34b9-2387-410a-95d9-919fe3db2452",
    "PasageroID": "c2f471aa-b3e2-4dc5-9cdc-c266bd6a2dc0",
    "TripID": "2cadef54-2cb9-4e9d-b18b-e45410b9aa94",
    "Calificacion": 2.68,
    "Comentario": "comment224"
  },
  {
    "CalificationID": "24f75a4b-d733-405b-b567-b45abfc8c135",
    "PasageroID": "c2f471aa-b3e2-4dc5-9cdc-c266bd6a2dc0",
    "TripID": "68f33bee-ecbb-4faa-a706-2f0c33ff4aa2",
    "Calificacion": 5.24,
    "Comentario": "comment225"
  },
  {
    "CalificationID": "3f527a7a-c94b-41fa-8e9f-a0ed5c0799ff",
    "PasageroID": "c2f471aa-b3e2-4dc5-9cdc-c266bd6a2dc0",
    "TripID": "849a67fc-8fba-4dea-a412-cdaa3834ca93",
    "Calificacion": 4.18,
    "Comentario": "comment226"
  },
  {
    "CalificationID": "240fddcc-3e41-4c3d-bd10-3d1c6337ad42",
    "PasageroID": "c2f471aa-b3e2-4dc5-9cdc-c266bd6a2dc0",
    "TripID": "1d018214-3ea3-4cd0-bfdb-5329856d6421",
    "Calificacion": 4.83,
    "Comentario": "comment227"
  },
  {
    "CalificationID": "d5a3d01c-28ef-4bb8-8e72-96ef02b0f5d8",
    "PasageroID": "b484155e-821a-468c-999a-51365079ae15",
    "TripID": "d71f326a-005b-4731-acae-690056453b66",
    "Calificacion": 2.28,
    "Comentario": "comment228"
  },
  {
    "CalificationID": "33a98205-99b7-4717-b0ab-96e89add45bd",
    "PasageroID": "b484155e-821a-468c-999a-51365079ae15",
    "TripID": "82305a94-1c30-4c3f-8fbb-2c610d192872",
    "Calificacion": 4.08,
    "Comentario": "comment229"
  },
  {
    "CalificationID": "4624fff1-b651-47ac-88b4-6b57552121b6",
    "PasageroID": "b484155e-821a-468c-999a-51365079ae15",
    "TripID": "277a00ad-af4e-444b-94d7-1a29480634a0",
    "Calificacion": 3.44,
    "Comentario": "comment230"
  },
  {
    "CalificationID": "e760beda-90d4-4d62-9d97-454efba62b3d",
    "PasageroID": "b484155e-821a-468c-999a-51365079ae15",
    "TripID": "4c8440f4-f3c8-4dcc-8f24-147605ef99f3",
    "Calificacion": 2.63,
    "Comentario": "comment231"
  },
  {
    "CalificationID": "5b00ff6c-82e5-4cb7-b1a7-7521cbc29b3c",
    "PasageroID": "484a9fe8-f15d-4750-80cc-2e2dc76a979b",
    "TripID": "210804f7-551f-4479-ba4e-c8f178adb99c",
    "Calificacion": 2.03,
    "Comentario": "comment232"
  },
  {
    "CalificationID": "adb41ce5-2475-45d9-b8e6-f0fe53be4332",
    "PasageroID": "484a9fe8-f15d-4750-80cc-2e2dc76a979b",
    "TripID": "5715b379-11ea-4d07-a935-8a184ca1aae9",
    "Calificacion": 5.59,
    "Comentario": "comment233"
  },
  {
    "CalificationID": "e5bee926-88b8-4696-b54b-b067d284b999",
    "PasageroID": "484a9fe8-f15d-4750-80cc-2e2dc76a979b",
    "TripID": "c1959303-7c10-452a-8e1d-d99c8edecd24",
    "Calificacion": 5.11,
    "Comentario": "comment234"
  },
  {
    "CalificationID": "8c678307-9602-4a7f-8821-a2b4500caf99",
    "PasageroID": "6dec9d2a-c2ca-497a-9491-329a0bbf2e06",
    "TripID": "e3f16cb9-60ba-46c3-b10d-f4a8172549c8",
    "Calificacion": 2.15,
    "Comentario": "comment235"
  },
  {
    "CalificationID": "cd56b609-8645-4f2c-a988-dc773f423b09",
    "PasageroID": "3a961941-a955-441c-aaa4-fb435d17dc5a",
    "TripID": "3a22d58e-83e5-45f8-aef0-56d0b1295661",
    "Calificacion": 4.67,
    "Comentario": "comment236"
  },
  {
    "CalificationID": "6664ed06-07ec-4389-91ed-143950ed0c18",
    "PasageroID": "226909d3-d12c-412f-9e61-6e1afb191ee8",
    "TripID": "e0b8d74f-c029-44b1-bc36-7f99819ca983",
    "Calificacion": 2.09,
    "Comentario": "comment237"
  },
  {
    "CalificationID": "95b5ecd1-095a-44ba-871b-07babcbda5e1",
    "PasageroID": "d4a7be84-91d0-4fce-bad9-e405b16deff2",
    "TripID": "40d6df6b-6e95-475a-adf1-2e7e502bb75b",
    "Calificacion": 5.68,
    "Comentario": "comment238"
  },
  {
    "CalificationID": "b4e6baed-e9f8-4be7-a5f8-fd8af89a2633",
    "PasageroID": "d4a7be84-91d0-4fce-bad9-e405b16deff2",
    "TripID": "8606b0a8-a6c1-422e-8e22-134db111fed8",
    "Calificacion": 3.93,
    "Comentario": "comment239"
  },
  {
    "CalificationID": "d28a79b4-f844-46e8-aca4-11825db1c61f",
    "PasageroID": "54ff7d55-2a3e-481e-a367-3a3338082e90",
    "TripID": "69f386df-0241-4b29-ad5f-3b44060db922",
    "Calificacion": 5.83,
    "Comentario": "comment240"
  },
  {
    "CalificationID": "67259c3e-d271-4710-9687-c3ebfe0ec3b5",
    "PasageroID": "5f0d4653-b86f-4923-887b-ea52cc85c156",
    "TripID": "96406e95-b7e6-4fda-bad8-aaba4c0f5c47",
    "Calificacion": 5.34,
    "Comentario": "comment241"
  },
  {
    "CalificationID": "e8d11b7e-002d-446a-b3b4-ab1a41f130d2",
    "PasageroID": "5f76e363-4a78-4fa1-b6ea-f560aba6bc0e",
    "TripID": "5f50f8a1-7710-41b9-b934-cd0e6a9048f2",
    "Calificacion": 5.79,
    "Comentario": "comment242"
  },
  {
    "CalificationID": "4421622e-1b5c-4482-b1b3-0c110ff0cf7a",
    "PasageroID": "5f76e363-4a78-4fa1-b6ea-f560aba6bc0e",
    "TripID": "0aa50d41-528f-4b93-af9a-c12e508d5899",
    "Calificacion": 5.17,
    "Comentario": "comment243"
  },
  {
    "CalificationID": "956023e8-ea4b-4228-a5e8-537e312d7e65",
    "PasageroID": "5f76e363-4a78-4fa1-b6ea-f560aba6bc0e",
    "TripID": "6715832a-fee1-4a27-a2c6-9cb12eafea58",
    "Calificacion": 3.59,
    "Comentario": "comment244"
  },
  {
    "CalificationID": "51074980-9705-4c3e-87df-57e70ca36b28",
    "PasageroID": "ccfd36c1-ba53-4b2d-b62f-afdeeeaa5136",
    "TripID": "fddf8842-7c70-48e0-8412-6bafade8afc7",
    "Calificacion": 4.91,
    "Comentario": "comment245"
  },
  {
    "CalificationID": "1839af96-c090-4617-9189-d9f78bbf9fca",
    "PasageroID": "fff87bb9-f5d9-4538-ace5-8f48b10266e1",
    "TripID": "8bb6f99b-a8d1-402d-b9ad-617b04657970",
    "Calificacion": 4.05,
    "Comentario": "comment246"
  },
  {
    "CalificationID": "f451114d-1668-4eb8-aed7-22cdb5e94aa5",
    "PasageroID": "f1beac83-f13c-440c-bcbb-89c5e4e6d756",
    "TripID": "ccc848b0-4a06-4ac9-8439-e7f89b0a2a55",
    "Calificacion": 5.79,
    "Comentario": "comment247"
  },
  {
    "CalificationID": "a92f434e-12a2-4565-81cd-ede99b3596a4",
    "PasageroID": "96fe5229-04e9-43e5-ae7b-8715dc7d50bc",
    "TripID": "8606b0a8-a6c1-422e-8e22-134db111fed8",
    "Calificacion": 4.55,
    "Comentario": "comment248"
  },
  {
    "CalificationID": "2d9da706-d755-4943-a725-da45b259cbc5",
    "PasageroID": "96fe5229-04e9-43e5-ae7b-8715dc7d50bc",
    "TripID": "779ad34e-e29f-41e8-bb43-4bccb9ef715b",
    "Calificacion": 4.54,
    "Comentario": "comment249"
  },
  {
    "CalificationID": "2731d0c8-1ced-4bd4-9555-f2687d059079",
    "PasageroID": "96fe5229-04e9-43e5-ae7b-8715dc7d50bc",
    "TripID": "17ffa7a1-6bf7-470b-8198-bfeacf1e3e76",
    "Calificacion": 5.32,
    "Comentario": "comment250"
  },
  {
    "CalificationID": "42cd4024-86ca-413e-8811-dc7b1420d2fb",
    "PasageroID": "96fe5229-04e9-43e5-ae7b-8715dc7d50bc",
    "TripID": "0ce78407-6d3b-44a1-9028-d2642461661e",
    "Calificacion": 4.96,
    "Comentario": "comment251"
  },
  {
    "CalificationID": "4eef94c7-624d-4353-b4bd-75ff19a16b5a",
    "PasageroID": "d7d3bba9-310a-403a-a4c8-2564194b949d",
    "TripID": "b42fce35-5c97-4f23-b442-7c28ad07607e",
    "Calificacion": 2.22,
    "Comentario": "comment252"
  },
  {
    "CalificationID": "c21cad7b-c208-4ec9-875e-a93557563012",
    "PasageroID": "d7d3bba9-310a-403a-a4c8-2564194b949d",
    "TripID": "ee57a6f5-e4d0-448a-95f2-2adbeccb1991",
    "Calificacion": 3.12,
    "Comentario": "comment253"
  },
  {
    "CalificationID": "19670fc8-5aa6-4085-8bce-ffd08974db2c",
    "PasageroID": "bb4fcab0-d9e6-4b98-ba92-746fb048ed7f",
    "TripID": "d9bdafb8-aeb9-4b63-bd18-f749384493cc",
    "Calificacion": 3.94,
    "Comentario": "comment254"
  },
  {
    "CalificationID": "84fb65f7-a31c-4bdf-90bf-f8c639fa97d3",
    "PasageroID": "bb4fcab0-d9e6-4b98-ba92-746fb048ed7f",
    "TripID": "d2d8421e-22e5-45fe-a5cd-957093f77335",
    "Calificacion": 3.9,
    "Comentario": "comment255"
  },
  {
    "CalificationID": "f2c33d30-1f9f-41e8-8143-7cbc2032ef22",
    "PasageroID": "e084911f-78e2-4b68-9778-7b6ea4904bd0",
    "TripID": "3b49601b-4319-47b3-acd6-d3f12ae3cbbb",
    "Calificacion": 3.0,
    "Comentario": "comment256"
  },
  {
    "CalificationID": "2d66be3a-577a-4374-8a43-d463aed7f3ab",
    "PasageroID": "e084911f-78e2-4b68-9778-7b6ea4904bd0",
    "TripID": "f9acafc2-1795-4e67-83c6-fb80a0a896aa",
    "Calificacion": 2.21,
    "Comentario": "comment257"
  },
  {
    "CalificationID": "37391818-a7d7-4e68-ba13-d26b6d12baa3",
    "PasageroID": "e084911f-78e2-4b68-9778-7b6ea4904bd0",
    "TripID": "f17db145-17b4-45f2-a688-6598fb85250e",
    "Calificacion": 2.25,
    "Comentario": "comment258"
  },
  {
    "CalificationID": "25f4d098-42fc-40f7-8bb8-6badc1ab3fb5",
    "PasageroID": "e084911f-78e2-4b68-9778-7b6ea4904bd0",
    "TripID": "4ffd9edd-8971-4a85-a251-5c605ef1ca81",
    "Calificacion": 3.13,
    "Comentario": "comment259"
  },
  {
    "CalificationID": "207b1ac2-7128-4e21-b4b4-f18a9adfe98b",
    "PasageroID": "110f7efb-a977-4f6f-a227-ebf6fd99899d",
    "TripID": "c8c3d475-c7a4-4e1e-b86f-08ee3f0b49a7",
    "Calificacion": 2.22,
    "Comentario": "comment260"
  },
  {
    "CalificationID": "d2f5ee06-a01f-40b1-949e-5c43b52a1364",
    "PasageroID": "110f7efb-a977-4f6f-a227-ebf6fd99899d",
    "TripID": "8f2bc8f5-80aa-44b1-94ca-6236897ad749",
    "Calificacion": 2.63,
    "Comentario": "comment261"
  },
  {
    "CalificationID": "ab0751f8-7490-4300-849d-ba89b5a83eb9",
    "PasageroID": "110f7efb-a977-4f6f-a227-ebf6fd99899d",
    "TripID": "a37a39ef-559a-4a4c-8bf5-5f7a46e59e2b",
    "Calificacion": 5.24,
    "Comentario": "comment262"
  },
  {
    "CalificationID": "98ee7b68-7591-4b81-8894-f23810d5cafe",
    "PasageroID": "e5277495-f9eb-40f9-8228-06170740fb05",
    "TripID": "48469cf6-b48e-4dba-8f44-a77d4cb2175f",
    "Calificacion": 2.84,
    "Comentario": "comment263"
  },
  {
    "CalificationID": "613fca88-7c26-4e73-a2e5-67e795c85520",
    "PasageroID": "e5277495-f9eb-40f9-8228-06170740fb05",
    "TripID": "e7c93be5-ba5e-4da9-84b5-2a93a5be9a2e",
    "Calificacion": 2.16,
    "Comentario": "comment264"
  },
  {
    "CalificationID": "4873ded9-a959-41e4-915b-807267660415",
    "PasageroID": "c1ccdab4-66e7-4326-a9d4-577628c7a737",
    "TripID": "f07dd8b5-e1a2-4ec5-a34e-bf7805d0ad5d",
    "Calificacion": 3.77,
    "Comentario": "comment265"
  },
  {
    "CalificationID": "2738c15a-3071-4e94-bf10-f7dd0de8e926",
    "PasageroID": "c1ccdab4-66e7-4326-a9d4-577628c7a737",
    "TripID": "c1959303-7c10-452a-8e1d-d99c8edecd24",
    "Calificacion": 2.27,
    "Comentario": "comment266"
  },
  {
    "CalificationID": "14c7e098-48eb-4e90-ab93-99fa06b9ab09",
    "PasageroID": "4feea09a-f535-42d0-96ea-df25e37a6c52",
    "TripID": "314cdf4c-0b5e-4be9-8932-0b0b5f381e0a",
    "Calificacion": 3.05,
    "Comentario": "comment267"
  },
  {
    "CalificationID": "52e6cb30-0b3e-4f82-b741-0fd6b97a961b",
    "PasageroID": "4feea09a-f535-42d0-96ea-df25e37a6c52",
    "TripID": "610a9ae2-6a8a-4e78-917b-b565af371b3c",
    "Calificacion": 4.61,
    "Comentario": "comment268"
  },
  {
    "CalificationID": "bb3cb729-c693-4c86-9892-18fa9353ffaf",
    "PasageroID": "810233ed-9449-41ef-a730-892c694b76b0",
    "TripID": "c96f4522-2e36-4977-9f6b-a7e57070c441",
    "Calificacion": 3.45,
    "Comentario": "comment269"
  },
  {
    "CalificationID": "6a899717-5973-40e7-933d-1b7201852f94",
    "PasageroID": "810233ed-9449-41ef-a730-892c694b76b0",
    "TripID": "550e098e-8eb2-4047-8fd8-f9b3a2947ccf",
    "Calificacion": 4.78,
    "Comentario": "comment270"
  },
  {
    "CalificationID": "47cbdd26-5627-4d40-8f89-4263af5b9da3",
    "PasageroID": "810233ed-9449-41ef-a730-892c694b76b0",
    "TripID": "a37a39ef-559a-4a4c-8bf5-5f7a46e59e2b",
    "Calificacion": 4.59,
    "Comentario": "comment271"
  },
  {
    "CalificationID": "d17520db-1cec-40b1-b08c-c3932c0d454c",
    "PasageroID": "82e1e182-0970-49e1-a287-fed7edfc63d3",
    "TripID": "500bb3f8-3f0b-46c2-98da-7fb9054da3b0",
    "Calificacion": 5.98,
    "Comentario": "comment272"
  },
  {
    "CalificationID": "0c090d43-7e9c-4e29-932e-9183603a83c4",
    "PasageroID": "82e1e182-0970-49e1-a287-fed7edfc63d3",
    "TripID": "a9cb0d65-f224-4a7a-903e-98de59075253",
    "Calificacion": 3.3,
    "Comentario": "comment273"
  },
  {
    "CalificationID": "e46ee176-79c0-4db6-a15a-c3213c68c94a",
    "PasageroID": "82e1e182-0970-49e1-a287-fed7edfc63d3",
    "TripID": "252afd12-bf11-452d-aa39-89021a39b2af",
    "Calificacion": 4.65,
    "Comentario": "comment274"
  },
  {
    "CalificationID": "944fd640-6a6a-434f-99cc-2d019128dcab",
    "PasageroID": "405f3309-9f8f-40fe-95d4-964ba743d769",
    "TripID": "64314ae6-2578-4403-b94e-29219a226517",
    "Calificacion": 3.65,
    "Comentario": "comment275"
  },
  {
    "CalificationID": "56e34a74-68cb-4b9c-ad74-2d843a70768d",
    "PasageroID": "838e179c-5d51-4516-ab4f-a60c9a53406c",
    "TripID": "2f2b60ff-a855-4bc1-9da7-a42de081e80d",
    "Calificacion": 5.21,
    "Comentario": "comment276"
  },
  {
    "CalificationID": "a74fa8a8-5ca0-4608-9bca-83ef7186fb68",
    "PasageroID": "561e649a-ecf1-4c63-beda-53402ee29a7c",
    "TripID": "39b32bcd-558e-4f14-9440-6a749e689452",
    "Calificacion": 4.39,
    "Comentario": "comment277"
  },
  {
    "CalificationID": "e6f16af0-ae14-44f1-91bb-ad2876949778",
    "PasageroID": "561e649a-ecf1-4c63-beda-53402ee29a7c",
    "TripID": "31927b3f-5cb0-4e1e-b1e1-24a030482448",
    "Calificacion": 5.97,
    "Comentario": "comment278"
  },
  {
    "CalificationID": "e53546db-f86b-42f5-a0a0-3a5b179f0eaa",
    "PasageroID": "42a2f4b9-e6f8-4c53-ab88-c65e615db467",
    "TripID": "238d63ab-e9c6-4537-8f6b-e7c4d9764943",
    "Calificacion": 4.65,
    "Comentario": "comment279"
  },
  {
    "CalificationID": "fc3dd8a4-2d7c-4f40-8270-e47bb1489f63",
    "PasageroID": "42a2f4b9-e6f8-4c53-ab88-c65e615db467",
    "TripID": "64499b28-aa58-4eee-8b21-b20161a3dcf3",
    "Calificacion": 4.02,
    "Comentario": "comment280"
  },
  {
    "CalificationID": "7c5f8915-d3b9-41c7-a282-59d97cd3df61",
    "PasageroID": "42a2f4b9-e6f8-4c53-ab88-c65e615db467",
    "TripID": "830ba859-844c-4aa2-94e3-f65b6702f166",
    "Calificacion": 4.65,
    "Comentario": "comment281"
  },
  {
    "CalificationID": "a5bf6a37-8921-4a55-9870-a2608ba2c700",
    "PasageroID": "42a2f4b9-e6f8-4c53-ab88-c65e615db467",
    "TripID": "3a22d58e-83e5-45f8-aef0-56d0b1295661",
    "Calificacion": 4.06,
    "Comentario": "comment282"
  },
  {
    "CalificationID": "632edebe-ac1b-4d3d-9409-e7edddb29a89",
    "PasageroID": "42a2f4b9-e6f8-4c53-ab88-c65e615db467",
    "TripID": "760ae6bc-cf81-4d13-a949-7c078191afa0",
    "Calificacion": 3.81,
    "Comentario": "comment283"
  },
  {
    "CalificationID": "28386f17-9b5f-4323-ad9b-04c080b39c9c",
    "PasageroID": "f60d7531-4b82-4b69-bc30-97d9f9ad8ade",
    "TripID": "a9cb0d65-f224-4a7a-903e-98de59075253",
    "Calificacion": 2.96,
    "Comentario": "comment284"
  },
  {
    "CalificationID": "14e26b6c-7bbe-4d68-84a2-a051809fd4a9",
    "PasageroID": "f60d7531-4b82-4b69-bc30-97d9f9ad8ade",
    "TripID": "919b6585-f845-4ffb-b662-1f360440f8d3",
    "Calificacion": 5.44,
    "Comentario": "comment285"
  },
  {
    "CalificationID": "db1851bb-53a4-4df8-9480-d08a4e38d1ee",
    "PasageroID": "f60d7531-4b82-4b69-bc30-97d9f9ad8ade",
    "TripID": "96406e95-b7e6-4fda-bad8-aaba4c0f5c47",
    "Calificacion": 3.74,
    "Comentario": "comment286"
  },
  {
    "CalificationID": "83420fcb-9581-4033-8f3a-e0702809aad2",
    "PasageroID": "2872938e-e948-467c-9caf-53635f80c74e",
    "TripID": "dde56a61-ffcb-4ac5-80af-e94f50631733",
    "Calificacion": 3.42,
    "Comentario": "comment287"
  },
  {
    "CalificationID": "9dd83ba1-a741-4491-abfb-3fb70847c1f8",
    "PasageroID": "f433276e-e4c4-467a-82a0-1aa892e0e5f1",
    "TripID": "3d74f6e8-b54e-4659-8bfe-4dd0f413ef3e",
    "Calificacion": 3.8,
    "Comentario": "comment288"
  },
  {
    "CalificationID": "e6dc7fdb-54d3-4396-888b-32e5da84dece",
    "PasageroID": "f433276e-e4c4-467a-82a0-1aa892e0e5f1",
    "TripID": "63c10bcc-ff24-429b-b29b-edceda9c7bbc",
    "Calificacion": 4.77,
    "Comentario": "comment289"
  },
  {
    "CalificationID": "986186b8-c292-40aa-95b7-ccb207586121",
    "PasageroID": "dcf64b72-4b32-49c3-9403-78d279be207f",
    "TripID": "a66f42e4-6032-4921-80b2-db85adf934ac",
    "Calificacion": 3.44,
    "Comentario": "comment290"
  },
  {
    "CalificationID": "4811d850-20e2-43ae-bf43-6107580f0230",
    "PasageroID": "24fdecba-5161-44d2-b3cf-3672d3eb73b5",
    "TripID": "849a67fc-8fba-4dea-a412-cdaa3834ca93",
    "Calificacion": 4.31,
    "Comentario": "comment291"
  },
  {
    "CalificationID": "e0acee66-6a96-4b97-a258-0bc78cc83353",
    "PasageroID": "99e05192-7d29-4941-bf15-34fa08a11423",
    "TripID": "2513206c-6db0-4939-b23b-e85082263c8c",
    "Calificacion": 2.49,
    "Comentario": "comment292"
  },
  {
    "CalificationID": "0943b0ca-8d2d-4af4-b32e-4219b121a670",
    "PasageroID": "99e05192-7d29-4941-bf15-34fa08a11423",
    "TripID": "3174573b-78e0-4ec6-8b4a-686106e361dc",
    "Calificacion": 2.61,
    "Comentario": "comment293"
  },
  {
    "CalificationID": "13abf0e4-2a3a-496c-a478-65d98ebc9fee",
    "PasageroID": "99e05192-7d29-4941-bf15-34fa08a11423",
    "TripID": "1d018214-3ea3-4cd0-bfdb-5329856d6421",
    "Calificacion": 3.93,
    "Comentario": "comment294"
  },
  {
    "CalificationID": "19bbe914-119c-476d-ad31-c2891fea3d6d",
    "PasageroID": "67a54e28-7ca8-4f85-9c47-e064ef1f438c",
    "TripID": "c2479f1a-e815-45c7-99a8-cd246d9b1cdd",
    "Calificacion": 3.25,
    "Comentario": "comment295"
  },
  {
    "CalificationID": "2ff7ec2f-fe2c-4847-a7ef-07a49686bb03",
    "PasageroID": "a6697bbb-479b-40f3-9b43-0e497371c1f7",
    "TripID": "b459a07b-6517-47b9-9a43-46cfc12ddf13",
    "Calificacion": 5.7,
    "Comentario": "comment296"
  },
  {
    "CalificationID": "1927e665-798b-49de-804d-26330f8e16ff",
    "PasageroID": "89cf685e-05bb-4363-a9a2-485d4fa4d71c",
    "TripID": "479f03dc-61de-4edf-a4ae-4578742a48ba",
    "Calificacion": 5.45,
    "Comentario": "comment297"
  },
  {
    "CalificationID": "649ac423-5236-4c93-89d7-bfc2fecb83e7",
    "PasageroID": "89cf685e-05bb-4363-a9a2-485d4fa4d71c",
    "TripID": "2f2b60ff-a855-4bc1-9da7-a42de081e80d",
    "Calificacion": 4.47,
    "Comentario": "comment298"
  },
  {
    "CalificationID": "be9aa874-ce0d-4eda-a110-eeb6fa5985cf",
    "PasageroID": "89cf685e-05bb-4363-a9a2-485d4fa4d71c",
    "TripID": "48469cf6-b48e-4dba-8f44-a77d4cb2175f",
    "Calificacion": 5.39,
    "Comentario": "comment299"
  },
  {
    "CalificationID": "d2470bc6-b4f8-4599-846d-dd5c76c78eaa",
    "PasageroID": "f2d4224c-e74b-49d7-a444-7f2da30ecfc7",
    "TripID": "d9bdafb8-aeb9-4b63-bd18-f749384493cc",
    "Calificacion": 3.36,
    "Comentario": "comment300"
  },
  {
    "CalificationID": "648baa8f-3a4f-4211-a87a-dd563294ff13",
    "PasageroID": "c355fdc7-e2a8-4c63-a527-ded9536b5e8b",
    "TripID": "6b34bd3f-42a1-484e-b8da-8738214a016e",
    "Calificacion": 4.88,
    "Comentario": "comment301"
  },
  {
    "CalificationID": "808fd89f-360b-4e4d-8817-ef2cc487195b",
    "PasageroID": "c355fdc7-e2a8-4c63-a527-ded9536b5e8b",
    "TripID": "522300a5-3470-47ea-876f-743db44ad35e",
    "Calificacion": 3.28,
    "Comentario": "comment302"
  },
  {
    "CalificationID": "492acd7e-2768-4ab6-92f7-d521737cb7a6",
    "PasageroID": "2d89d0b9-d524-40b0-afcd-58d0c06bc4f1",
    "TripID": "3201a14c-1a38-47b7-affc-3ef8522d3bc6",
    "Calificacion": 4.74,
    "Comentario": "comment303"
  },
  {
    "CalificationID": "65ce3a91-b3bd-447d-a07f-1f9f5b61131d",
    "PasageroID": "2d89d0b9-d524-40b0-afcd-58d0c06bc4f1",
    "TripID": "e5d7235b-d665-42aa-90a9-0d8f58347c10",
    "Calificacion": 4.31,
    "Comentario": "comment304"
  },
  {
    "CalificationID": "87367e08-28a2-4ab0-aa3f-1d9073ec4e98",
    "PasageroID": "49668569-02cb-4fff-b683-0571020e131d",
    "TripID": "d5325f6e-6dca-42ed-a638-9794ee1b9b99",
    "Calificacion": 2.68,
    "Comentario": "comment305"
  },
  {
    "CalificationID": "462d9a9c-5334-4040-80c4-08c263c81e47",
    "PasageroID": "49668569-02cb-4fff-b683-0571020e131d",
    "TripID": "d5325f6e-6dca-42ed-a638-9794ee1b9b99",
    "Calificacion": 5.24,
    "Comentario": "comment306"
  },
  {
    "CalificationID": "d0cbc566-c937-4947-8e7e-60f9bc54a210",
    "PasageroID": "baf67e19-1027-4b51-b904-ce75d96e3394",
    "TripID": "1b662565-420b-417a-9405-55ccd28828a4",
    "Calificacion": 4.85,
    "Comentario": "comment307"
  },
  {
    "CalificationID": "9a24f80f-075e-4cd4-b3a5-aa175f5a4adc",
    "PasageroID": "baf67e19-1027-4b51-b904-ce75d96e3394",
    "TripID": "4c8440f4-f3c8-4dcc-8f24-147605ef99f3",
    "Calificacion": 3.19,
    "Comentario": "comment308"
  },
  {
    "CalificationID": "fe55807b-798d-46cb-936a-1f4a1c949a60",
    "PasageroID": "4b1d5589-c94f-41f8-9a3a-33a873a38633",
    "TripID": "550e098e-8eb2-4047-8fd8-f9b3a2947ccf",
    "Calificacion": 2.03,
    "Comentario": "comment309"
  },
  {
    "CalificationID": "bf432817-636b-4974-a8e7-99c654119bd4",
    "PasageroID": "4b1d5589-c94f-41f8-9a3a-33a873a38633",
    "TripID": "a0a66679-fedd-4935-9dc0-7e5680548ad3",
    "Calificacion": 2.97,
    "Comentario": "comment310"
  },
  {
    "CalificationID": "68609b0a-5160-4b95-825f-3577de0a1745",
    "PasageroID": "460605c0-a7e4-4cb8-a0da-4d024217a5a3",
    "TripID": "c3d3378d-13ef-4b6f-b3ac-691f415d6583",
    "Calificacion": 2.6,
    "Comentario": "comment311"
  },
  {
    "CalificationID": "d39d4508-fd94-419e-a9f9-4684e3827f18",
    "PasageroID": "460605c0-a7e4-4cb8-a0da-4d024217a5a3",
    "TripID": "fa3391ba-184e-47d6-a541-b012537929a0",
    "Calificacion": 3.03,
    "Comentario": "comment312"
  },
  {
    "CalificationID": "5f2f0121-f173-4b4a-b661-55cdbf1f5a11",
    "PasageroID": "22ba793b-b63f-43d4-8cf7-c3c78a645997",
    "TripID": "c1959303-7c10-452a-8e1d-d99c8edecd24",
    "Calificacion": 5.95,
    "Comentario": "comment313"
  },
  {
    "CalificationID": "8b012aef-27cc-4394-aec5-7a03d3657076",
    "PasageroID": "f2e8b493-4f66-46c2-8cf6-a2ba052ca920",
    "TripID": "4ffd9edd-8971-4a85-a251-5c605ef1ca81",
    "Calificacion": 5.85,
    "Comentario": "comment314"
  },
  {
    "CalificationID": "de97e4de-c073-4ccd-ae93-8a3552651793",
    "PasageroID": "14d2d2ff-940d-487b-b141-3cb0bbb7a356",
    "TripID": "479f03dc-61de-4edf-a4ae-4578742a48ba",
    "Calificacion": 4.64,
    "Comentario": "comment315"
  },
  {
    "CalificationID": "67148290-1126-4c5d-a827-ffe27db136cd",
    "PasageroID": "14d2d2ff-940d-487b-b141-3cb0bbb7a356",
    "TripID": "8b80c923-aed5-4a31-9855-83229230bf6d",
    "Calificacion": 5.18,
    "Comentario": "comment316"
  },
  {
    "CalificationID": "73cf0041-bc11-4bf7-b7cc-198c6d00a252",
    "PasageroID": "14d2d2ff-940d-487b-b141-3cb0bbb7a356",
    "TripID": "cb1cc575-8852-4fe8-8233-27967e3e99b2",
    "Calificacion": 3.16,
    "Comentario": "comment317"
  },
  {
    "CalificationID": "220c5351-45e3-4399-87e8-c0e0bc9df295",
    "PasageroID": "14d2d2ff-940d-487b-b141-3cb0bbb7a356",
    "TripID": "773b874e-8cda-4914-9beb-5dd1d1f87d71",
    "Calificacion": 4.08,
    "Comentario": "comment318"
  },
  {
    "CalificationID": "d81b9d5e-7974-4b64-98a7-ad1983ae35f2",
    "PasageroID": "da098f7b-d92e-4e70-a994-b3d302530a5f",
    "TripID": "d4478f13-6881-473e-bf60-8e59a3651763",
    "Calificacion": 4.78,
    "Comentario": "comment319"
  },
  {
    "CalificationID": "12623f74-f09d-4379-9f2e-2e112a94a48d",
    "PasageroID": "da098f7b-d92e-4e70-a994-b3d302530a5f",
    "TripID": "aa3fa254-e031-4704-8843-48cde1be8a20",
    "Calificacion": 3.81,
    "Comentario": "comment320"
  },
  {
    "CalificationID": "0c6d3315-6923-4b96-a6fb-417290810b46",
    "PasageroID": "da098f7b-d92e-4e70-a994-b3d302530a5f",
    "TripID": "d04f1c8a-7f70-4a29-a9ea-b690341e434d",
    "Calificacion": 2.57,
    "Comentario": "comment321"
  },
  {
    "CalificationID": "1275f6fe-7225-44ac-b28f-860081c2d9d9",
    "PasageroID": "e5c4b95f-c255-4bd2-8766-92601fe1ec00",
    "TripID": "919b6585-f845-4ffb-b662-1f360440f8d3",
    "Calificacion": 5.35,
    "Comentario": "comment322"
  },
  {
    "CalificationID": "f618a38d-492e-4462-961d-4d738c70f153",
    "PasageroID": "e5c4b95f-c255-4bd2-8766-92601fe1ec00",
    "TripID": "a6a2bd8f-98b4-4f57-9ac9-638342a6e7fb",
    "Calificacion": 5.0,
    "Comentario": "comment323"
  },
  {
    "CalificationID": "f4fe9571-3547-4d85-bd2a-6339fbf7efff",
    "PasageroID": "c2c7b94d-08a9-4ae9-9deb-34bcd07affe5",
    "TripID": "f84f306d-7def-46d4-b09c-c052aa8c1f98",
    "Calificacion": 3.36,
    "Comentario": "comment324"
  },
  {
    "CalificationID": "57198ca3-de8e-4f1e-8198-e8497d9c87e5",
    "PasageroID": "c2c7b94d-08a9-4ae9-9deb-34bcd07affe5",
    "TripID": "7c6a1ace-28db-4204-a0b3-46a02ca3d990",
    "Calificacion": 4.49,
    "Comentario": "comment325"
  },
  {
    "CalificationID": "1bdb33e3-4531-4389-aaab-af22d0d115cc",
    "PasageroID": "c2c7b94d-08a9-4ae9-9deb-34bcd07affe5",
    "TripID": "eb5dcfa6-92b2-4071-bd7b-c1a37288a999",
    "Calificacion": 3.76,
    "Comentario": "comment326"
  },
  {
    "CalificationID": "b477e1aa-da07-462a-8e7e-3107a36bf741",
    "PasageroID": "c2c7b94d-08a9-4ae9-9deb-34bcd07affe5",
    "TripID": "760ae6bc-cf81-4d13-a949-7c078191afa0",
    "Calificacion": 5.09,
    "Comentario": "comment327"
  },
  {
    "CalificationID": "099c4b20-8d93-454e-9ee4-4ee352791c8e",
    "PasageroID": "f62b1189-2ac7-44f2-834f-f193ca656435",
    "TripID": "981440f8-bb91-44b6-bf1f-c94fa110cca8",
    "Calificacion": 4.9,
    "Comentario": "comment328"
  },
  {
    "CalificationID": "85788131-c4e2-448a-9086-44123ebe60e1",
    "PasageroID": "f62b1189-2ac7-44f2-834f-f193ca656435",
    "TripID": "210804f7-551f-4479-ba4e-c8f178adb99c",
    "Calificacion": 5.45,
    "Comentario": "comment329"
  },
  {
    "CalificationID": "0d63523c-f6a4-453f-9cf7-ee7cd7e2efc3",
    "PasageroID": "f62b1189-2ac7-44f2-834f-f193ca656435",
    "TripID": "64314ae6-2578-4403-b94e-29219a226517",
    "Calificacion": 4.83,
    "Comentario": "comment330"
  },
  {
    "CalificationID": "1d4a4952-cfa0-49fd-b844-7dfc1110906f",
    "PasageroID": "00bf94fc-4bf4-4990-96ed-4e0fc59bfc94",
    "TripID": "3201a14c-1a38-47b7-affc-3ef8522d3bc6",
    "Calificacion": 4.11,
    "Comentario": "comment331"
  },
  {
    "CalificationID": "86c502dc-f188-450b-89bc-b14003b58fa4",
    "PasageroID": "00bf94fc-4bf4-4990-96ed-4e0fc59bfc94",
    "TripID": "e0b8d74f-c029-44b1-bc36-7f99819ca983",
    "Calificacion": 5.78,
    "Comentario": "comment332"
  },
  {
    "CalificationID": "e140b0a0-08a2-4f92-b7a1-68fd851ffcbd",
    "PasageroID": "0736a303-5afb-4eb7-8e27-23b1dbc3da64",
    "TripID": "3d74f6e8-b54e-4659-8bfe-4dd0f413ef3e",
    "Calificacion": 4.29,
    "Comentario": "comment333"
  },
  {
    "CalificationID": "45d83086-9116-4eb5-a7b6-8042fe853eba",
    "PasageroID": "05005f05-f772-41d3-9369-7a90e4e9db85",
    "TripID": "bac9120f-696c-4156-98a7-1b669c6a1a34",
    "Calificacion": 2.56,
    "Comentario": "comment334"
  },
  {
    "CalificationID": "7a940e25-a23f-46e7-91d5-71fc62ea4113",
    "PasageroID": "05005f05-f772-41d3-9369-7a90e4e9db85",
    "TripID": "35422882-dafa-42c9-aacb-96ccba22a24b",
    "Calificacion": 3.1,
    "Comentario": "comment335"
  },
  {
    "CalificationID": "f47b8ffa-30ed-4395-89b8-b4eb97d918c5",
    "PasageroID": "9573ec82-ca7e-47d1-adec-fb2cc9a7f832",
    "TripID": "82305a94-1c30-4c3f-8fbb-2c610d192872",
    "Calificacion": 2.52,
    "Comentario": "comment336"
  },
  {
    "CalificationID": "7c66c895-55d6-4b01-b340-d9a9adad1f6f",
    "PasageroID": "c2c691c0-a3c8-4b19-b9a5-f50fa198e94b",
    "TripID": "c083ea87-d3ab-4512-9bec-74b4007727bb",
    "Calificacion": 5.39,
    "Comentario": "comment337"
  },
  {
    "CalificationID": "b6d968f7-fa20-41e8-aa14-87ed15ea1f3d",
    "PasageroID": "36dcb5bb-e93e-4512-9245-029f5c4532db",
    "TripID": "0d231d5d-65d7-4ea6-b5d0-2d5e1f509286",
    "Calificacion": 2.1,
    "Comentario": "comment338"
  },
  {
    "CalificationID": "27dccd47-2168-4e3b-b119-3d8468b74234",
    "PasageroID": "498caa02-e603-4a13-b276-6b9c38d99e42",
    "TripID": "77451bef-bf99-4e3d-ac5b-5aeb23afbf7f",
    "Calificacion": 4.22,
    "Comentario": "comment339"
  },
  {
    "CalificationID": "9885db93-0846-4081-9535-3e9ec5b63a44",
    "PasageroID": "498caa02-e603-4a13-b276-6b9c38d99e42",
    "TripID": "3a7d4cf3-92d1-449d-ba73-11c7633965c2",
    "Calificacion": 3.25,
    "Comentario": "comment340"
  },
  {
    "CalificationID": "b21fac92-ad29-45bf-b70d-ee9b899e34e0",
    "PasageroID": "498caa02-e603-4a13-b276-6b9c38d99e42",
    "TripID": "9ff46710-d150-4e39-91d9-7eec295ea4fd",
    "Calificacion": 5.67,
    "Comentario": "comment341"
  },
  {
    "CalificationID": "84eff664-a535-4511-80e1-65b3de3b18d3",
    "PasageroID": "21155835-e7ee-4928-a5c8-d1ef489ddd85",
    "TripID": "27a31ba0-2d67-4a4a-b58d-a8bf58364c03",
    "Calificacion": 3.7,
    "Comentario": "comment342"
  },
  {
    "CalificationID": "cef71cb3-3219-4f51-a009-24826c71b22b",
    "PasageroID": "21155835-e7ee-4928-a5c8-d1ef489ddd85",
    "TripID": "e5346386-a378-427a-91ea-ef0e06142ec1",
    "Calificacion": 3.53,
    "Comentario": "comment343"
  },
  {
    "CalificationID": "73490050-4198-4c37-8c36-5eab4bdaec79",
    "PasageroID": "21155835-e7ee-4928-a5c8-d1ef489ddd85",
    "TripID": "d04f1c8a-7f70-4a29-a9ea-b690341e434d",
    "Calificacion": 3.08,
    "Comentario": "comment344"
  },
  {
    "CalificationID": "3f3bada7-62a2-45f8-9588-d8c1ffd57952",
    "PasageroID": "21155835-e7ee-4928-a5c8-d1ef489ddd85",
    "TripID": "e7b48b4d-e725-48d3-b8c4-47006d279d58",
    "Calificacion": 4.16,
    "Comentario": "comment345"
  },
  {
    "CalificationID": "2eb4bc8f-538d-46cd-883c-846b502998ea",
    "PasageroID": "76bfde7d-a276-47fc-be1e-e149afec9e7a",
    "TripID": "f8aa5c2f-1587-49b6-a90e-eefafe8a5483",
    "Calificacion": 2.73,
    "Comentario": "comment346"
  },
  {
    "CalificationID": "1737f9e6-a874-44b5-acff-51282e235f27",
    "PasageroID": "ff813478-5738-4d96-b305-8d7394bf4405",
    "TripID": "238d63ab-e9c6-4537-8f6b-e7c4d9764943",
    "Calificacion": 4.22,
    "Comentario": "comment347"
  },
  {
    "CalificationID": "f2d478dc-e955-483c-a897-8fd7b48e4068",
    "PasageroID": "ff813478-5738-4d96-b305-8d7394bf4405",
    "TripID": "b41966a1-58a2-473d-a01c-1cd884a93743",
    "Calificacion": 5.75,
    "Comentario": "comment348"
  },
  {
    "CalificationID": "f25c0502-9f3a-4bd6-94fc-0db575db9c9d",
    "PasageroID": "ff813478-5738-4d96-b305-8d7394bf4405",
    "TripID": "314cdf4c-0b5e-4be9-8932-0b0b5f381e0a",
    "Calificacion": 2.82,
    "Comentario": "comment349"
  },
  {
    "CalificationID": "7fce2d4b-fe3b-4327-91d7-b9e6e6163dc6",
    "PasageroID": "ff813478-5738-4d96-b305-8d7394bf4405",
    "TripID": "eb5dcfa6-92b2-4071-bd7b-c1a37288a999",
    "Calificacion": 4.69,
    "Comentario": "comment350"
  }
]
